Company Name,Target Status,Public Website Homepage URL,Domain from URL,Source,Street Address,City,State,Zipcode,Phone,Industries served,Products and services offered,Square footage (facility),Number of employees,Estimated Revenues,Years of operation,Ownership,Equipment,CNC 3-axis,CNC 5-axis,Spares/ Repairs,Family business,2nd Address,Notes (Approach/ Contacts/Info)
1 Source Design (One Source Group / MS-2 Partnership),CY,http://1-sourcedesign.com/,1-sourcedesign.com,AMBA,1024 Airport Industrial Dr.,Gadsden,AL,35904,(519) 627-6034,Automotive; plastic product development; die cast; glass encapsulation; RIM; injection molding tryouts,Tool builds; repairs & engineering changes; outsource machining; injection mold tryouts/molding; RIM molding; fixtures; glass encapsulation tools; die cast tooling; trim/coining dies,,,,35+,,,Yes,Yes,Yes,,,
Harris Precision Mold,CY,http://www.hpmold.com,hpmold.com,AMBA,1705 West 4th Street,Tempe,AZ,85281,(480) 731-3135,Medical; pharmaceutical; packaging,Class 101 plastic injection molds; multi-shot; unscrewing; shuttle; mold design/engineering; repair & tooling support,,,,,,,Yes,,Yes,,,
M.R. Mold & Engineering,CY,http://www.mrmold.com,mrmold.com,AMBA,1150 Beacon Street,Brea,CA,92821,(714) 996-5511,Silicone (LSR); plastic; micro/overmold/insert,LSR molds; plastic molds; micro; overmolds; insert molds; cold runner systems; stuffer box; seals; robotics; design/engineering/QA,23000+,,,40,Founder: Rick Finnie,,,,,,,
Prestige Mold,CY,http://www.prestigemold.com,prestigemold.com,AMBA,11040 Tacoma Drive,Rancho Cucamonga,CA,91730,(909) 980-6600,Precision injection molding (various industries),Precision injection molds; turnkey systems; advanced engineering/3D modeling; automation & robotics,,,,,,,,,,,,
Source One (Product Development Solutions),CY,http://www.source-one.net,source-one.net,AMBA,41691 Corporate Center Ct,Murrieta,CA,92562,(714) 672-4172,Defense; aerospace; medical; commercial,Product design & development; mold design; CNC machining; rapid prototyping; manufacturing; ISO 9001; AS9100,,,,,,Yes,,,,,,
South Coast Mold,CY,http://www.southcoastmold.com,southcoastmold.com,AMBA,1852 McGaw,Irvine,CA,92614,(949) 253-2000,Aerospace; industrial gas turbines; automotive; electronics; medical; marine; commercial,Dies for investment casting (wax); soluble/core dies; fixtures; CAD modeling; CNC machining; reverse engineering; NX CAD/CAM,12000,,,52,Novak family leadership (Founder: Peter Novak; Director: Paul Novak),,Yes,,,Yes,,
Westec Plastics,CN,http://www.westecplastics.com,westecplastics.com,AMBA,6757 Las Positas Road,Livermore,CA,94551,(925) 454-3400,Medical; aerospace/defense; consumer; electronics; sports & recreation,Plastic injection molding; in-house tool room; ISO Class 8 clean rooms; assembly; welding; pad printing; laser engraving; real-time monitoring,46080,,,56,Family-owned; ISO 13485:2016,,,,,Yes,,
PTA Plastics,CN,https://www.ptaplastics.com/,ptaplastics.com,AMBA,516 E. Industrial Park Rd,Oxford,CT,06478,(203) 888-0585,"Medical devices (surgical, diagnostics, drug delivery); defense; safety/security",DFM; mold design & engineering; custom injection molding; assembly & secondaries; overmolding; insert molding; cleanroom molding; rapid prototyping,,,,72,Employee-owned (since 2009),,,,,,,
"Ivanhoe Tool & Die Company, Inc.",CN,http://ivanhoetool.com/,ivanhoetool.com,AMBA,1217 West State Street,Belding,MI,48809,(616) 794-2704,Automotive; consumer products; medical devices; industrial,Precision injection mold manufacturing; medium–high cavitation tooling; design & engineering; repair & maintenance; validation & inspection,,,,,Family-owned,,Yes,,Yes,Yes,,
Wepco Plastics,CN,https://wepcoplastics.com/,wepcoplastics.com,AMBA,27 Industrial Park Access Rd.,Middlefield,CT,06455,(860) 349-3407,Prototype & short-run molding; aerospace machining; fixturing; secondaries,"Design support; 3D printing; in-house tooling & mold building; molding (assembly, inserting, overmolding); rapid prototyping",,30,6000000,37+,Family-owned (Parmelee),,,,,Yes,,
"Westminster Tool, Inc.",CY,http://www.westminstertool.com,westminstertool.com,AMBA,23 Industrial Park Road,Plainfield,CT,06374,(860) 923-3200,Aerospace; medical device; defense; consumer packaging,Plastic injection mold manufacturing; precision machining; design engineering support; automation & mold qualification,,,,49,Family-owned,,Yes,Yes,,Yes,,
Ameritech Die & Mold,CY,https://www.amdiemold.com/,amdiemold.com,AMBA,107 Knob Hill Road,Mooresville,NC,28117,(704) 664-0801,Automotive; safety; appliance; consumer goods,Engineering; project management; new mold builds; engineering changes; mold repairs; 5-axis machining; CNC EDM (wire); horizontal machining; gun drilling; welding; mold sampling,,,,40,,,,Yes,Yes,,,
Carson Tool & Mold,CY,http://www.carsonmold.com,carsonmold.com,AMBA,3070 Moon Station Road,Kennesaw,GA,30144,(770) 427-3716,Various incl. automotive/consumer/industrial,"Design & engineering; manufacturing; quality control; maintenance & repair; qualification testing (120T, 400T presses)",24000,,,80,"Family-owned (Owner/President: Chris Carson, 3rd generation)",,,,Yes,Yes,,
American Tool & Engineering (ATE),CY,http://www.atemold.com,atemold.com,AMBA,102 Industrial Parkway,Greene,IA,50636,(641) 816-4921,Blow molds; thermoform; twinsheet; pressure molds,Large/deep/complex/precise molds; 5-axis machining; Faro Arm 3D scanning; mold & pattern shops,15750,,,33,Family-owned; Founders: Dennis Hobson & Jerold Taylor,,,Yes,,Yes,,
"Iowa Mold & Engineering, Inc.",CY,http://www.iowamold.com,iowamold.com,AMBA,102 Industrial Parkway,Greene,IA,50636,(641) 816-4921,Automotive; consumer products; industrial manufacturing; custom plastics,Plastic injection molds; compression molds; thermoform tooling; mold design & engineering; repair & maintenance; prototype & production tooling,,,,60,Family-owned,,,,Yes,Yes,,Test Iowa Note
MSI Mold Builders,CY,http://www.msimoldbuilders.com,msimoldbuilders.com,AMBA,12300 6th St SW,Cedar Rapids,IA,52404,(319) 848-7001,Automotive; power sport; agriculture; lawn & garden; medical equipment; heavy truck; material handling; RV; construction; office furniture,Injection; structural foam; RIM; blow; gas assist; structural web molds; steel & aluminum molds (incl. limited-run aluminum),HQ 47000; SC 20000,,,54,,,,,,,,MSI test note #1
Summit Mold,CY,http://www.summitmold.com,summitmold.com,AMBA,4200 W Seltice Way,Post Falls,ID,83854,(208) 777-7462,Various (precision tooling),"Design (Cimatron/SolidWorks/Mastercam); CNC machining (5-axis); EDM (sinker/wire, robotics-fed); CMM inspection; project management",27000,,,28,,,Yes,,,,,Test note for Summit
AC Mold & Die Company,CY,http://www.acmold.com,acmold.com,AMBA,1450 Summit Avenue,Plano,TX,75074,(972) 423-7557,Automotive; consumer products; electronics; industrial plastics,Precision plastic injection molds; tool & die; mold design & engineering; prototype & production tooling; mold repair & maintenance,,,,49,Family-owned,,,,Yes,Yes,,
A1 Tool Corporation,CY,http://www.a1toolcorp.com,a1toolcorp.com,AMBA,1425 Armitage Ave,Melrose Park,IL,60160,(708) 345-5000,Custom injection molds; stack molds; 2-shot molds; OEM cradle-to-grave,Design & engineering; SET (domestic quality + intl cost); mold sampling (90T–3000T); OEM services,,,,79,,,,,,,,
Alchemy Precision,CY,http://www.alchemyprecision.com,alchemyprecision.com,AMBA,25 Western Industrial Drive,Cranston,RI,2921,(401) 946-5200,Medical devices; consumer products; electronics; automotive components,Precision plastic injection mold design & build; tight-tolerance tooling; complex multi-cavity & insert molds; mold repair/maintenance/engineering changes; CNC machining; EDM,,,,28,Privately owned,,Yes,,Yes,,,
Angle Tool Works Inc.,CY,http://www.angletoolworks.com,angletoolworks.com,AMBA,102 Industrial Parkway,Greene,IA,50636,(641) 816-4921,Plastics industry (general),ISO 9001:2015; state-of-the-art tooling; craftsmanship+innovation; trade shows (Pack Expo 2025),,,,64,Family-owned,,,,,Yes,,
Armin Tool & Manufacturing Co.,CY,http://www.armin-ind.com,armin-ind.com,AMBA,1500 N La Fox St.,South Elgin,IL,60177,(847) 742-1864,Caps & closures; medical; packaging,Injection mold design & manufacturing; repair; production mold sampling; apprenticeship program,,,,,Family-owned (3rd generation),,,,Yes,Yes,,
BA Die Mold,CY,http://www.badassmolds.com,badassmolds.com,AMBA,3685 Prairie Lake Court,Aurora,IL,60504,(630) 978-4747,Medical & dental; water filtration & plumbing; consumer; caps/closures & packaging; agriculture; lighting,Unscrewing & multi-action tooling; PERC™ electric rotating core; part design; solid modeling; mold design; prototype molds; sampling; first article inspections; short-run/pilot production; repairs/maintenance/ECs,,,,57,,,,Yes,Yes,Yes,,
Chicago Mold Engineering,CY,http://www.chicagomold.com,chicagomold.com,AMBA,615 Stetson Ave.,St. Charles,IL,60174,(630) 584-1311,Automotive; appliances; building supplies; housewares; lawn & garden; sporting goods,Injection & compression molds (thermoset/thermoplastic); multi-shot; stack molds; engineering & CAD; gun drilling; CNC; EDM; 5-axis; polishing; ATOS/Blue Light; CMM; reverse engineering; sampling/validation/short-run; maintenance/refurbishment/troubleshooting,,,,81,,,,Yes,Yes,Yes,,
Comet Die & Engraving Company,CY,http://www.cometdie.com,cometdie.com,AMBA,909 North Larch Avenue,Elmhurst,IL,60126,(630) 833-5600,Plastic injection industry (general),New mold construction; mold repair & revisions; texturing; contract machining; gun drilling,45000,60,,,Family-owned (4th generation leadership: T.J. & Michael Donlin),,,,Yes,Yes,,
Craftsman Tool & Mold,CY,http://www.craftsmanmold.com,craftsmanmold.com,AMBA,2750 Church Road,Aurora,IL,60502-9706,(630) 851-8700,Plastics; aerospace; medical; oil & gas; defense,Custom mold bases; stack/spin stack/multi-cavity bases; gun drilling; CNC machining; grinding; CAD/CAM integration; laser calibration/metrology,40000,,,60,,,,,,,,
Creative Die Mold Corp.,CY,http://www.creativediemold.com,creativediemold.com,AMBA,425 Windy Point Drive,Glendale Heights,IL,60139,(630) 790-9731,Plastic injection molds (general),Mold fabrication; precision machining; tooling automation; local delivery & nationwide service,26000,,,47,Family-owned,,,,Yes,Yes,,
DEMGY Group,C?,http://www.demgy.com,demgy.com,AMBA,27502 Pont-Audemer Cedex,,BP,70033,,Aerospace; automotive; medical; defense; energy; sports & leisure,Sustainable plastics & composites; Multiplasturgy®; additive manufacturing; plastronics; injection molding; thermoforming; compression molding; polymer machining; metallization/coating/painting; composites; assembly,,,,,,,,,,,outside of scope,
Elba Tool & Die,CY,http://www.elbatool.com,elbatool.com,AMBA,220 Covington Dr,Bloomingdale,IL,60108,(847) 895-4100,Automotive; aerospace; agriculture; medical; consumer & electrical; defense; heavy equipment; energy Precision machining; die-cast dies; plastic injection molds; tool repair & maintenance; 5-axis CNC; EDM; value engineering; QC & inspection,,,,,,,,Yes,Yes,,,,
Electroform Company,CY,http://www.injectionmoldmaking.com,injectionmoldmaking.com,AMBA,11070 Raleigh Ct.,Rockford,IL,61115,(815) 633-1113,Packaging; medical; automotive; consumer; electronics,"Injection molds; automation; molding services; high-cavitation tooling; stack & multi-shot molds; insert molding; in-mold assembly & decorating; R&D (multi-shot, IML, decorating, assembly)",43000,,,37,,,,,,,,
Foreman Tool & Mold,CY,http://www.foremantool.com,foremantool.com,AMBA,2605 N. 29th Avenue,Hollywood,FL,33020,(954) 925-2127,Automotive (decorative interior & functional); industrial components,"Custom mold building; injection molding (22 presses, 28–500T); 3D CAD; Delcam/Mastercam; CNC; wire & sinker EDM; 7-axis machining; high cavitation complex molds (single, two-shot, insert, robot transfer); pad printing; assembly; hot runner technology",63000,,,41,Family-owned and operated,,,,,Yes,,
Helm Tool Company,CY,http://www.helmtool.com,helmtool.com,AMBA,1420 Wright Blvd,Schaumburg,IL,60193,(847) 364-0855,Various incl. high-cavitation tools (national reputation),5-axis & high-speed milling; sink & wire EDM; grinding; mill-turn; waterjet; large-capacity machining; CMM inspection; prototyping; mold tryout; high-volume production,92000,,,48,,,,,Yes,,,
Industrial Molds (Division of Pyramid Molding Group),CY,http://www.industrialmolds.com,industrialmolds.com,AMBA,5175 27th Avenue,Rockford,IL,61109,(815) 397-2971,Automotive; medical; appliance; industrial; electronics; packaging; recreational/lawn & garden,"ISO 9001; complex mold design; high-speed machining; in-house sampling; multi-shot & insert mold manufacturing; die cast & gas assist molding; large tools to 1,500T; repair & service",,,,,,,,,Yes,,,
Janler Corporation,CY,http://www.janler.com,janler.com,AMBA,6545 N. Avondale Ave.,Chicago,IL,60631,(773) 774-0166,Medical; packaging; consumer products,"Engineering design; mold design/build; injection molding (35–500T, multi-shot, insert molding, IMD); testing/sampling/qualification; post-molding & assembly; ISO 9001:2015",,,,73,Family-owned,,,,,Yes,,
"M&M Tooling, Inc.",CY,http://www.mmtooling.com,mmtooling.com,AMBA,395 E. Potter,Wood Dale,IL,60191,(630) 595-8834,Mold base manufacturing (general),"Custom mold bases (35"" x 80""); Mazak CNC machining centers; precision/tight tolerances; associations (AMBA, TMA, etc.)",,,,,,,,,,,,
Mako Mold Corp.,CY,http://www.makomold.com,makomold.com,AMBA,3820 Ohio Avenue - Unit 7,St. Charles,IL,60174,(630) 377-9010,Agriculture; automotive; appliance; consumer products; electronics; industrial; medical,"Injection mold manufacture; service; maintenance; refurbishment; CNC machining; wire & sinker EDM; grinding; lathes; CAD/CAM (Mastercam, SolidWorks, KeyCreator); laser engraving; inspection & metrology",,,,56,Family-owned and operated,,,,Yes,Yes,,
Matrix Plastic Products,CY,http://www.matrixplastic.com,matrixplastic.com,AMBA,949 A.E.C. Drive,Wood Dale,IL,60191,(630) 595-6144,Medical devices; electronics; safety-critical parts,"DFM (SolidWorks, Siemens NX); moldmaking (Class 101 production tools; micro & multi-component parts); injection molding (20–300T; cleanroom molding); inspection (CMM, OGP); development tooling; transfer/takeover tooling; prototyping (3D printing)",,,,47,,,,,,,,
"Pelco Tool & Mold, Inc.",CY,http://www.pelcotoolinc.com,pelcotoolinc.com,AMBA,181 Exchange Blvd.,Glendale Heights,IL,60139,(630) 871-1010,Electronics; automotive; closures; cosmetics; appliances,"New mold construction & conversions; preventive maintenance & repair; CNC; EDM; 5-axis machining; grinding; laser welding; design (Pro-E, SolidWorks, AutoCAD); documentation & reverse engineering",21000,35,7000000,60,Family-run (acquired 1991; 35 employees; $13M+ sales),,,Yes,Yes,Yes,,
PM Mold,CN,http://www.pmmold.com,pmmold.com,AMBA,800 Estes Ave.,Schaumburg,IL,60193,(847) 923-5400,Medical devices; consumer packaging; automotive; electronics; global supply,"Full-service: product development & engineering; moldmaking (prototypes to 20,000 lb tools); injection molding (28–500T; IMD); rapid prototyping (3D printing); maintenance & secondary operations",43000,,,62,,,,,Yes,,,
Sullivan Tool & Repair Inc.,CY,http://www.sullivantool.net,sullivantool.net,AMBA,370 Brook St.,Elgin,IL,60120,(224) 856-5867,Injection mold repair & maintenance (general),Mold repair & revisions; engineering changes; welding & micro laser welding; laser engraving; preventive maintenance,,,,,,,,,Yes,,,
Tri-Par Die and Mold Corporation,CN,http://www.tri-par.com,tri-par.com,AMBA,670 Sundown Rd,South Elgin,IL,60177,(630) 232-8800,Automotive; medical; electronics; water purification & filtration; consumer products,"Precision injection molding; contract manufacturing (assembly, packaging, distribution); precision tooling (design, build, maintenance, repair); proactive mold maintenance; appearance parts with complex geometry",58000,,,65,Family-owned,,,,Yes,Yes,,
B&D Manufacturing,CY,http://www.bdmfgmolds.com,bdmfgmolds.com,AMBA,2100 E Carter St,Kokomo,IN,46901,(765) 452-2761,Automotive; electronics; medical; plumbing; toys,Prototype & multi-cavity tooling; high-precision injection molds; compression-transfer molds; slides; two-shot; stripper plate; unscrewing; insert molds; hot manifolds; repair & maintenance; die-cast molds; jigs & fixtures; engineering-grade plastics; plating; mold texturing,,,,58,Family-owned,Makino,,,Yes,Yes,,
"Superior Plastics & Manufacturing (SPC Mfg., Inc.)",CY,http://www.spcmfg.com,spcmfg.com,AMBA,2600 Airport Road,Waterford,MI,48327,(248) 673-6900,Automotive; medical devices; consumer products; electronics; industrial components,"Full-service plastic injection molding; prototype & production tooling; secondary ops (pad printing, ultrasonic welding, assembly); engineering support; mold repair services; ISO 9001:2015",,,,,Family-owned (privately owned),,,,Yes,Yes,,
"Decatur Mold Tool & Engineering, Inc.",CY,http://www.decaturmold.com,decaturmold.com,AMBA,3330 North State Highway 7,North Vernon,IN,47265,(812) 346-5188,Appliance; automotive; consumer; container; electronics; packaging; juvenile; medical; military (ITAR); building/construction,Production & prototype molds; MUD/bridge tools; repair; ECs; reverse engineering; custom machining incl. 3/5-axis CNC; sinker/wire EDM; gun drilling; grinding; polishing; heat treat; TIG/laser welding; sampling & low-volume molding; logistics,100000,,,,,,Yes,Yes,Yes,,,
Lorentson Manufacturing,C?,http://www.lorentson.com,lorentson.com,AMBA,"1111 Rank Parkway, PO Box 932",Kokomo,IN,46903-0932,(765) 452-4425,Automotive (IATF production); various,Privately held family- & woman-owned; full in-house maintenance for life of tool; single-digit PPMs,,,,76,Family- & woman-owned,,,,Yes,Yes,,
Michiana Global Mold (MG Mold),C?,http://www.mgmold.net,mgmold.net,AMBA,1702 East 7th Street,Mishawaka,IN,46544,(574) 259-6262,Various (complex plastic injection),Design & build complex molds; production molding; turnkey support; offshore tooling options (ISO 9001:2008 Shenzhen),,,,,,,,,,,,
North American Lighting (Koito Group),C?,http://www.nal.com,nal.com,AMBA,2275 S. Main Street,Paris,IL,61944,(217) 465-6411,Automotive lighting (Tier-1),Lighting systems design & manufacturing; multiple US plants; technical center; kaizen focus on safety,,,,,,,,,,,,
"Roembke Mfg. & Design, Inc.",CN,http://www.roembke.com,roembke.com,AMBA,1580 Baker Drive,Ossian,IN,46777,(260) 622-4135,Medical (LSR/HCR); thermoplastic,"LSR & HCR tooling/systems; FAT in-house; LSR parts to ~0.007 g; HCR compression/transfer/injection (various); thermoplastic molds; 2K (LSR-LSR; LSR-thermoplastic; overmold); proprietary Cold Deck (1–64 drops); QPS rapid iteration; turnkey cells (EOAT, robotics, training, pre-production, automation)",62000,,,48,,,,,Yes,,,
SIMCO – Southern Indiana Mold Corp.,CY,http://www.soindmoldcorp.com,soindmoldcorp.com,AMBA,"2945 N. State Highway 3, P.O. Box 119",North Vernon,IN,47265,(812) 346-2622,Plastic mold design & manufacturing (general),Professional/ethical workplace; continuous improvement; customer-focused quality,,,,,,,,,,,,
ASH Industries,CY,http://www.ashindustries.com,ashindustries.com,AMBA,1330 W. Willow St.,Lafayette,LA,70506,(337) 235-0977,Medical; defense; industrial; electronics; startups/entrepreneurs,"Plastic injection molding (35–850T); metal injection molding (MIM); Liquid Silicone Rubber (LIM/LSR) molding; rotational molding; in-house toolroom (5-axis CNC, EDM); mold validation; DFM; assembly/packaging; low-volume/bridge; mold transfer support; ISO 13485 Class 7 cleanroom; ISO 9001 compliant",,,,,,,,Yes,,,,
Prime Manufacturing Technologies,CY,http://www.primemfgtech.com,primemfgtech.com,AMBA,8735 Bollman Place,Savage,MD,20763,(301) 604-0900,Agriculture; automotive; construction; Department of Defense; technology; healthcare; telecommunication,Plastic injection molding; silicone molding; metal injection molding (MIM); CNC milling/turning; EDM; 6-axis robotic sub-assembly; composite casting (military); reverse engineering; RFID part tagging; selective 3D printing for quick-turn tooling,,,,,,,Yes,Yes,Yes,,,
"Accu-Die & Mold, Inc.",CY,http://www.accu-die.com,accu-die.com,AMBA,2410 S. Dixie Hwy,Kokomo,IN,46902,(765) 453-2300,Die casting (aluminum & magnesium),Engineering; design; construction; inspection; dies for 300–1600 ton; rapid prototypes to high-volume; high-speed machining; Wire & CNC EDM; 22 CNC machining centers; Zeiss CMM; laser welding; reverse engineering to 3D models,31000,,,34,,,Yes,Yes,Yes,,,
Baumann Tool & Die,CY,http://www.baumanntd.com,baumanntd.com,AMBA,525 East Harris Ave.,Greenville,OH,45331,(937) 548-2147,West Michigan customers (general),Prototype molding fixtures; CNC milling & turning; aluminum/Ren board urethane cast molds; inserts; automation components; low-volume molding; steel/aluminum/plastic parts,,,,30,,,Yes,,Yes,,,
Best Tool & Engineering (BTE),CY,http://www.bteplastics.com,bteplastics.com,AMBA,34730 Nova Drive,Clinton Township,MI,48035,(586) 792-4119,Various incl. automotive/industrial/consumer,Plastic injection molding; plastic vibration welding; hot plate welding (tooling & production); in-house tool/mold build; fixtures; DFM; apprenticeship & CI culture,,,,34,,,Yes,,Yes,,,
Byrne Tool + Design,CY,http://www.byrne-tool.com,byrne-tool.com,AMBA,316 Byrne Industrial Dr NE,Rockford,MI,49341,(616) 866-4479,Tool & die shop (general),Additive manufacturing; design; tooling services; rapid problem solving,,,,28,,,,,,,,
Classic Die,CY,http://www.classicdie.com,classicdie.com,AMBA,610 Plymouth NE,Grand Rapids,MI,49505,(616) 454-3760,Automotive; medical; dental; consumer,"Custom injection molds; mold repair (quick turn); custom CNC & EDM; gun drilling; mold sampling 30–700 ton; short-run production; laser welding; tools up to 10,000 lbs",,,,47,,,Yes,Yes,Yes,,,
Commercial Tool Group,CY,http://www.commercialtoolgroup.com,commercialtoolgroup.com,AMBA,5351 Rusche Dr NW,Comstock Park,MI,49321,(616) 785-8100,Automotive (interior/exterior); appliance; consumer goods; hardware; heavy truck; RV,"Injection molds (tryout 85–2,500 ton); compression molds; robotic automation cells; fixtures; tooling; gauges; vision systems; program management; feasibility & advanced engineering",,,,56,,,Yes,Yes,Yes,,,
CS Tool Engineering,CY,http://www.cste.com,cste.com,AMBA,474 East 105th Street,Cleveland,OH,44108,(800) 447-4406,Precision plastic injection molds; metal fabrication,Full mold design/build; multi-axis CNC; automated robotic CNC cell; in-house welding (incl. Inconel/aluminum); machining; finishing; metrology/CMM; digital scanning; rapid prototyping; dedicated transport fleet,,,,57,,,Yes,,Yes,,,
"Deppe Mold and Tooling, Inc.",CY,http://www.deppemold.com,deppemold.com,AMBA,2814 Franklin Ave SW,Grandville,MI,49418,(616) 530-1331,Precision moldmaking,CNC machining; EDM (wire/sinker); mold making; design; polishing; 5-axis CNC (Makino D200Z automation); Makino F9/F5/S56/V55; Toshiba boring mill; hoist; pickup & delivery,,23,4600000,28,,Makino,Yes,Yes,Yes,,,Test note for Deppe
Die-Tech & Engineering,CY,http://www.dietech-gr.com,dietech-gr.com,AMBA,4620 Herman Ave. SW,Wyoming,MI,49509,(616) 530-9030,Tooling for various industries,Design-to-build tooling; CNC machining; die casting dies; urgent response programs,,,,56,,,Yes,,Yes,,,Test note for Die-Tech
"Eifel, Inc.",CY,http://www.eifel-inc.com,eifel-inc.com,AMBA,31071 Fraser Drive,Fraser,MI,48026,(586) 296-9640,Automotive; consumer goods; electronics; RV; EV; UTV/SxS,Full-service mold design & manufacturing; production molds; rapid prototypes; die-cast tooling; studio consulting; tryout support; on-site design reviews; advanced 5-axis CNC with zero-stock machining,,,,,,,Yes,Yes,Yes,,,
Team Elite,C?,http://teameliteonline.com,teameliteonline.com,AMBA,1460 North Fork Road,Barnardsville,NC,28709,(828) 626-2286,,,Website placeholder,,,,,,,,,,,
Franchino Mold & Engineering,CY,http://www.franchino.com,franchino.com,AMBA,5599 West Grand River Avenue,Lansing,MI,48906,(517) 321-5609,Die-cast dies; plastic injection molds,"Engineering & design; contract machining; die & mold repair; tool building for 60–6,000 ton presses; medium to large tools up to 200,000 lbs",,,,70,,,Yes,Yes,Yes,,,
Artiflex Manufacturing,CN,http://www.gendie.com,gendie.com,AMBA,2354 Bellingham Dr.,Troy,MI,48083,(616) 452-0304,Automotive; advanced manufacturing,Die tooling design & manufacturing; flexible robotic automation; body-in-white tooling; prototyping; low-volume production; ISO 9001; IATF 16949; ITAR,,,,,,,Yes,,,,,
"H&S Mold, Inc.",CY,http://www.hs-mold.biz,hs-mold.biz,AMBA,3900 Linden Ave SE,Grand Rapids,MI,49735,(616) 452-0830,Injection & hydroform molds,"CAD (SolidWorks, Mastercam); full-service design/build; CNC machining; EDM; wire EDM; gun drilling; mold sampling; short-run production; repair; grinders; lathes; presses; inspection instruments",10000,,,,Family-owned,,Yes,Yes,Yes,Yes,,
Hanson International,C?,http://www.hansoninternational.com,hansoninternational.com,AMBA,3355 South Lapeer Road,Lake Orio,MI,48359,(248) 391-2200,,,Website placeholder,,,,,,,,,,,
Johnson Precision Mold & Engineering,C?,https://www.johnsonmold.com/,johnsonmold.com,AMBA,1001 Haines Blvd.,Sturgis,MI,49091,(269) 651-2553,Injection molds (various),Custom injection molds; continuous growth; advanced equipment; workforce training,,,,34,,,Yes,,,,,
Krieger Craftsmen,CY,http://www.kriegercraftsmen.com,kriegercraftsmen.com,AMBA,2758 3 Mile Rd NW,Grand Rapids,MI,49534,(616) 735-9200,Automotive lighting; high-precision tooling,"High-cavitation; fast-cycle; tight-tolerance molds; stack; two-shot; unscrewing; prototypes; CAD/CAM (VISI, WorkNC); automation & robotics",,,,27,,,Yes,Yes,Yes,,,
Legacy Precision Molds,CY,http://www.legacyprecisionmolds.com,legacyprecisionmolds.com,AMBA,3691 S. Lapeer Road,Metamora,MI,48455,(616) 532-6536,Custom injection molds,New molds; engineering changes; mold repairs; custom machining; tight tolerances to 0.0005",,,,29,,,Yes,,Yes,,,
Liberty Molds,CY,http://www.libertymolds.com,libertymolds.com,AMBA,8631 Portage Industrial Drive,Portage,MI,49024,(269) 327-0997,Automotive interiors; appliance; medical; dental; consumer goods; furniture; hydraulic; military,Close-tolerance prototype & production tooling; shuttle; two-shot; hot runner; unscrewing; stack molds; precision machining; EDM (wire/sinker); hole drilling; ECs & repair; remote tryout viewing,13400,26,5200000,39,,,Yes,Yes,Yes,,,
MC Molds,CY,http://www.mcmolds.com,mcmolds.com,AMBA,845 Progress Court,Williamston,MI,48895,(517) 655-5481,Containers; plastics,Mold design (CAD modeling); container design; mold building; repair & refurbishing; trim tooling; detabbers,,,,,,,Yes,,Yes,,,
Maximum Mold Group,CY,http://www.maximummoldgroup.com,maximummoldgroup.com,AMBA,"4659 14th Street, Detroit,",Detroit,MI,48208,(313) 894-6653,Aerospace; agriculture; automotive; defense; health; military; appliance,Die cast & plastic injection molds; thermoplastic & thermoset compression molds; precision machined components; blow molds; prototyping; engineering; design; assembly & testing,,,,28,Family-owned,,,,,,,
Clarion Technologies (Concept Molds),CY,http://www.conceptmolds.com,conceptmolds.com,AMBA,3494 Busch Drive SW,Grandville,MI,49418,(616) 698-7277,Automotive; appliance; consumer,Two-shot; multi-shot; gas-assist; applique; overmolding; insert molding; integrated glass assemblies; decoration; formed glass; pad printing; hot stamping; hydrographics; vibration & ultrasonic welding; tooling management; product development,,,,,,,Yes,,Yes,,,
Midwest Die Corporation,CY,http://www.midwestdiecorp.net,midwestdiecorp.net,AMBA,9220 1st St,Baroda,MI,49101,(269) 422-2171,Die-cast dies: aluminum; zinc; magnesium; squeeze dies; multi-slide manifolds,"DFM & prototyping; cavity replacement; repairs & revisions; high-precision CNC (13 CNCs, 2 EDMs); conformal cooling & advanced cooling circuits; climate-controlled 20,000 sq ft facility",20000,,,35,,,Yes,,Yes,,,
"Model Die & Mold, Inc.",CY,http://www.modeldie.com,modeldie.com,AMBA,3859 Roger B Chaffee Memorial Dr SE,Wyoming,MI,49548,(616) 243-6996,Aerospace (carbon fiber); automotive; heavy truck; kitchen/bath; consumer; architectural; military & defense,Compression molds; injection molds; carbon fiber molds; die-cast dies; engineering; machining; mold sampling; repair; advanced CNC (27+ centers; 5-axis; gun drilling; EDM); 65+ skilled tradesmen,,,,59,Family-owned,,Yes,Yes,Yes,Yes,,
Paragon D&E,CY,http://www.paragonde.com,paragonde.com,AMBA,5225 33rd St. SE,Grand Rapids,MI,49512,(616) 949-2220,Automotive; heavy truck; aerospace; oil & gas; recreation; nuclear energy; military & defense; agriculture,Compression; injection; hydroform molds; RTM tooling; precision machining; nuclear waste packaging; tooling repair; low-volume production; contract machining; fixture engineering; mold tryouts; prototyping,170000,,,83,,,Yes,Yes,Yes,,,
"Precision Tool & Mold, LLC",CY,http://www.precisionmoldusa.com,precisionmoldusa.com,AMBA,620 Easy Street,Ironwood,MI,49938,(906) 932-3440,Consumer products; fasteners; industrial; medical; packaging,"High-precision multi-cavity molds; mold repair; revisions; contract manufacturing; in-house polishing & laser welding; high-speed milling; EDM; wire EDM; CAD/CAM (Pro-E, SolidWorks, Mastercam)",,,,28,Family-oriented,,Yes,Yes,Yes,Yes,,
Quality Molds,C?,http://www.quality-molds.com,quality-molds.com,AMBA,3450 West 168th Street,Cleveland,OH,44111,(216) 671-6150,,,Website placeholder,,,,,,,,,,,
"Select Tool & Die, Inc.",CY,http://www.select-tool.com,select-tool.com,AMBA,9170 First St.,Baroda,MI,49101,(269) 422-2812,Tooling & molds,"Prototype molds; die-cast tooling; aluminum & zinc production dies; plastic & rubber molds; repairs & engineering changes; core pin replacement; fixtures for machining/assembly/CMM; low/medium volume machining; CAD/CAM (Surfcam, Cimatron, SolidWorks)",,,,,,,Yes,,Yes,,,
SyBridge Technologies (Action Mold),CY,http://www.actionmold.net,actionmold.net,AMBA,265 Spring Lake Drive,Itasca,IL,60143,(833) 824-1116,Life sciences; health & beauty; consumer products; aerospace; mobility & industrial,Design & engineering; 3D printing; tooling & mold manufacturing; advanced manufacturing & injection molding; reliability services; conformal cooling,,,,44,,,Yes,Yes,Yes,,,
"TK Mold & Engineering, Inc.",CY,http://www.tkmoldeng.com,tkmoldeng.com,AMBA,131 Shafer Dr.,Romeo,MI,48065,(586) 752-5840,Automotive; medical; aerospace; defense; consumer goods; electric vehicles,"In-house design; CNC machining (3-, 4-, 5-axis); EDM (sinker with robotic cell); CMM quality; engineering changes & repairs; production molding (200/300/730 ton); production machining",,,,22,,,Yes,Yes,Yes,,,
Venture Global Engineering,CY,http://www.ventureglobalengineering.com,ventureglobalengineering.com,AMBA,42500 Mound Rd,Sterling Heights,MI,48314,(586) 739-9542,Automotive; aerospace; medical; consumer; defense,Mold design & consulting; new mold builds; emergency repairs (24/7); secondary machine builds; shipping racks; imported tooling localization (100+ tools/yr); CNC machining; EDM; boring mills; spotting presses; multiple MI locations,,,,42,,,Yes,Yes,Yes,,,
Viking Tool & Engineering,CY,http://www.vikingtooleng.com,vikingtooleng.com,AMBA,2780 E Colby St,Whitehall,MI,49461,(231) 893-0031,Automotive; appliance; furniture; household; medical; electrical & infrastructure (compression),"New tool builds; engineering changes; repairs; compression molds; tool steels P20/H13; crane capacity 40,000 lbs",25000,,,70,,,Yes,,Yes,,,
"Zero Tolerance, LLC",CY,http://www.zerotolerancecnc.com,zerotolerancecnc.com,AMBA,44695 Enterprise Drive,Clinton Township,MI,48038,(586) 630-3032,Medical; automotive; consumer; military,Plastic injection molds (design/build); 5-axis machining (Makino F5 5XR); YCM RX65; sinker & wire EDM; CNC programming/fixturing; 3D printing (plastic & metal); bench & spotting; CMM inspection,,,,19,,Makino,Yes,Yes,Yes,,,
"BME Tool, Inc.",CY,http://www.bmetool.biz,bmetool.biz,AMBA,101 Delaware St.,Lonsdale,MN,55046,(507) 744-5581,Automotive; consumer; medical; industrial,"Prototype & production molds (single/multi-cavity); mold repair & revisions (incl. offshore); custom machining; dies; fixtures; roller dies; CAD/CAM (SolidWorks, Mastercam)",,,,26,Family-owned (Vern & Paul Bongers),,Yes,Yes,Yes,Yes,,
Diamond Tool & Engineering,CY,http://www.diamondtande.com,diamondtande.com,AMBA,205 2nd Ave NW,Bertha,MN,56437,(218) 924-4024,Medical; electronics; automotive; consumer,Injection; LSR; MIM; insert; multi-shot; unscrewing; hot runner molds; DFM; 3D CAD/CAM; fill analysis; mold building; sampling; optimization; repair & maintenance; lean manufacturing,,,,36,,,Yes,Yes,Yes,,,
"Dynamic Group, Inc.",CY,http://www.dynamicgroup.com,dynamicgroup.com,AMBA,2000 13911 Unity St. NW,Ramsey,MN,55303,(763) 780-8674,Medical devices; firearms; industrial; agriculture; commercial,Precision injection molding (20–400T); custom mold tooling (plastic & metal); multi-shot & insert molding; assembly & packaging; prototype & short-run; EDM; CNC; grinding; welding; laser marking; ISO 13485; FDA registered; Class 7 & 8 cleanrooms,,,,47,Family-owned,,Yes,,Yes,Yes,,
Excelsior Tool,C?,http://www.excelsiortool.com,excelsiortool.com,AMBA,30351 Edison Road,New Carlisle,IN,46552,(574) 654-3181,,,Website placeholder,,,,,,,,,,,
Mo-Tech Corporation,CY,http://www.mo-tech.com,mo-tech.com,AMBA,2920 Granada Ave N,Oakdale,MN,55128,(651) 770-1515,Automotive; consumer; aerospace; defense,Injection molds; die-cast dies (up to 1600 tons); mold bases; trim dies; fixtures; prototypes; design & engineering; CNC machining; EDM; inspection,,,,64,,,Yes,Yes,Yes,,,
Mold Craft,CY,http://www.mold-craft.com,mold-craft.com,AMBA,11175 165th Street West,Lakeville,MN,55044,(651) 426-3216,Medical devices; electronics; consumer products; defense,Precision micro molds; custom injection molds; ±0.0001" tolerances; multi-mold high-cavitation projects; mold design/build/sampling; PQP (Precision Quality Process),,,,60,,,Yes,,Yes,,,
Mold-Tech Inc.,CY,http://www.mold-techinc.com,mold-techinc.com,AMBA,5166 Barthel Industrial Drive NE,Albertville,MN,55301,(763) 497-7500,Medical; automotive; consumer; defense; electronics,Close-tolerance injection molds; prototype/bridge/production; multi-cavity; hot runner; auto unscrewing; insert; stack; silicone; shuttle; multi-shot; MIM molds; full CAD/CAE/CAM; mold flow/warpage/thermal; CNC; wire & sinker EDM; hard milling; automation; polishing; laser welding/marking; ISO 9001; ITAR,,,,47,,,Yes,Yes,Yes,,,
Moldworks Inc.,C?,http://www.moldworks.com,moldworks.com,AMBA,208 Maple Grove,Minnesota,MN,55369,(763) 493-3134,,,Company focused on tool design & manufacturing; confidentiality & quality emphasis,,,,,,,,,,,
"Tolerance Tool, LLC",CY,http://www.tolerancetool.com,tolerancetool.com,AMBA,2263 McKnight Rd N.,Maplewood,MN,55109,(651) 770-5918,"Medical (pharma, diagnostics, implantables); automotive; consumer; energy; industrial",High-volume thermoplastic & silicone molds; micro; multi-shot; rotational; insert/overmold; CAD; CNC; EDM; inspection; grinding; prototype-to-production; legacy support; max press 500 ton,,,,44,,,Yes,Yes,Yes,,,
Adler / R&D Leverage US,CY,http://www.rdleverage.com,rdleverage.com,AMBA,1008 SE Browning St.,Lee’s Summit,MO,64081,(415) 329-6877,Medical; consumer; industrial,ISBM & IBM blow molds; custom multi-cavity injection molds (Class 101+); product solutions labs for validation; engineering; design; testing; sampling; 35+ patents,188000,,,49,,,Yes,,Yes,,,
Vector Tool & Engineering,CY,http://www.vectortool.com,vectortool.com,AMBA,4208 E 135th St.,Grandview,MO,64030,(816) 966-1901,Injection molds (various),Plastic injection mold manufacturing; repairs & revisions; custom components; precision machining; mold sampling,30000,,,49,,,Yes,,Yes,,,
Ameritech Die & Mold,CY,http://www.amdiemold.com,amdiemold.com,AMBA,107 Knob Hill Road,Mooresville,NC,28117,(704) 664-0801,Automotive; aerospace; medical; consumer goods,Engineering; new mold builds; engineering changes; mold repairs; 5-axis machining; CNC EDM (wire & sinker); gun drilling; welding; mold sampling & validation; apprenticeship program,,,,40,,,Yes,Yes,Yes,,,
Emerald Tool & Mold,CY,http://www.emeraldtoolandmold.com,emeraldtoolandmold.com,AMBA,106 Furlong Industrial Drive,Kernersville,NC,27284,(336) 996-6445,Plastics (precision),Injection mold design & construction; tight-tolerance tooling; engineering changes; spare tooling programs; repairs; 3D CAD (Pro-E); ISO 9001:2015,,,,28,,,Yes,,Yes,,,
"Superior Tooling, Inc.",CY,http://www.sti-nc.com,sti-nc.com,AMBA,2800 Superior Dr.,Wake Forest,NC,27587,(919) 570-9762,Medical; aerospace; automotive; packaging; consumer products,"Plastic injection molds; blow molds (ISBM, IBM); compression molds; die-cast dies; tooling, jigs & fixtures; CNC machining; EDM; validation services; apprenticeship training; ISO 9001:2015",,,,40,,,Yes,Yes,Yes,,,
Dramco Tool Co. Inc.,CY,http://www.dramcotool.com,dramcotool.com,AMBA,502 Claude Road,Grand Island,NE,68803,(308) 382-5251,Automotive; consumer; industrial,"Complex multi-shot injection molds; precision die manufacturing; custom machine building; design engineering & prototyping; CNC; EDM; 5-axis; grinding; waterjet; molds up to 1000 ton; 50+ employees; 37,000 sq ft",37000,50,10000000,47,,,Yes,Yes,Yes,,,
"L & Z Tool and Engineering, Inc.",CY,http://www.lztool.com,lztool.com,AMBA,1691 US Highway 22,Watchung,NJ,07069-6595,(908) 322-2220,Automotive; medical; consumer; military; packaging,Plastic injection molds; die-cast dies; engineering changes; repairs; modifications; 3D solid modeling & CAD; prototypes & precision tooling; CNC; EDM; grinding; welding; ISO 9001:2015,,,,72,,,Yes,,Yes,,,
Lawrence Mold & Tool Corp.,CY,http://www.lawrencemoldandtool.com,lawrencemoldandtool.com,AMBA,690 Puritan Ave,Lawrence Township,NJ,8648,(609) 392-5422,Medical; consumer; industrial,"Single & multi-cavity plastic injection molds; CAD; multi-axis CNC vertical & horizontal milling; high-speed machining; sinker & wire EDM; CNC turning; in-house laser welding, polishing, grinding",,,,50+,,,Yes,Yes,Yes,,,
Natech Plastics (Thal Precision),CN,http://www.thalprecision.com,thalprecision.com,AMBA,3506 85 Remington Blvd,Ronkonkoma,NY,11779,(631) 580-3506,Medical diagnostics; life sciences; biotech; pharmaceuticals,Contract development & manufacturing; precision microstructure injection molding (down to 150nm); consumables & cartridges; laminate stack-ups; welding; filling & sealing; instrument development & software (IoT/cybersecurity); cleanroom manufacturing; FDA CGMP inspected; ISO 13485/9001/15378,,,,,Member of STRATEC Group,,Yes,,Yes,,,
High Desert Tool,CY,http://www.highdeserttool.com,highdeserttool.com,AMBA,2500 Arrowhead Dr.#5,Carson City,NV,89706,(775) 882-2701,Defense & aerospace; automotive; industrial,Plastic injection & compression molds; aerospace layup tooling; CNC machining centers; wire & sinker EDM; grinding; turning; boring; probing; CAD/CAM 3D design & verification; turnkey mold sampling & validation,8500,,,20+,,,Yes,,Yes,,,
"Accede Mold & Tool Co., Inc.",CY,https://accedemold.com,accedemold.com,AMBA,1125 Lexington Avenue,Rochester,NY,14606,(585) 254-6490,Medical; pharmaceutical; labware; consumer & packaging; automotive; industrial & durables; military & aerospace,"High-performance injection molds: multi-shot, rotating cube, lift & rotate, stack, unscrewing, high cavitation; cleanroom sampling & validation; turnkey systems integration & automation; R&D/engineering/prototyping; precision machining, EDM, CNC, laser; AMBA 2024 Mold Builder of the Year; ISO 9001:2015",44000,,,44,Family-owned,,Yes,Yes,Yes,Yes,,
Atalys,CY,http://www.atalys.com,atalys.com,AMBA,1667 Emerson Street,Rochester,NY,14606,(585) 647-2300,"Medical devices (surgical, IV, drug delivery); aerospace & defense; consumer & industrial",Tooling design & high-tolerance mold making; precision injection molding (micron-level); automated assembly & robotics; cleanroom manufacturing; advanced thermal management for reduced cycle times; program management; end-to-end integration,,,,,Vertically integrated platform,,Yes,Yes,Yes,,,
"Turning Point Tool, LLC",CY,http://www.turningpointtool.com,turningpointtool.com,AMBA,135 Dodge Street,Rochester,NY,14606,(585) 288-7380,Aerospace; automotive; medical; optical; consumer products,Production & prototype injection molds; multi-cavity/family/2-shot/hot runner; CNC machining; wire & sinker EDM; fixtures; short-run machining; custom high-precision parts; ITAR certified,,,,19,,,Yes,,Yes,,,
BMG (Brown Machine Group / Freeman Company),CY,http://www.freemancompany.com,freemancompany.com,AMBA,330 N. Ross Street,Beaverton,MI,48612,(989) 435-7741,Food & beverage; consumer products; medical packaging; horticulture; industrial & e-commerce,"Thermoforming equipment & tooling; end-to-end automation; packaging solutions; high-speed robotic stacking/handling; turnkey process solutions; 140+ patents; 7,000+ thermoformers built",,,,70+,,,Yes,Yes,Yes,,,
Colonial Machine,CY,http://www.colonial-machine.com,colonial-machine.com,AMBA,5859 Mogadore Road,Kent,OH,44240,(330) 673-5859,Housewares; appliances; food handling; packaging; electrical & gas fittings; material handling,"Custom mold manufacturing; injection, blow & compression molds; CNC machining/milling/turning; EDM; grinding; CMM inspection & metrology; ISO 9001 certified",,,,70+,,,Yes,,Yes,,,
"Cosar Mold, Inc.",CY,http://www.cosarmold.com,cosarmold.com,AMBA,PO Box 159,Kent,OH,44240,(330) 673-9510,Plastic injection; rubber; blow molds; die-cast,"Mold repairs & revisions; preventive maintenance; on-site repairs; welding; fitting; polishing; EDM; CNC machining; grinding; texture repair; plating; engraving; complex repairs up to 50,000 lbs; 15,000 sq ft facility",15000,,,40+,Family-founded (Steve & Al Rastetter),,Yes,,Yes,Yes,,
"Eagle Mold Co., Inc.",CY,http://www.eaglemoldcompany.com,eaglemoldcompany.com,AMBA,1 Eagle Ct,Carlisle,OH,45005,(937) 746-3331,Aerospace; automotive; medical; appliances; electronics,"Plastic injection molds; 5-axis high-speed CNC milling; wire & sinker EDM; ceramic core & wax pattern dies; graphite electrode machining; reverse engineering & CAD modeling; two facilities totaling 58,500 sq ft; ISO 9001:2015",58500,,,40+,,,Yes,Yes,Yes,,,
The Minco Group (Minco Tool & Mold + ASPM),CY,http://www.mincogroup.com,mincogroup.com,AMBA,5690 Webster Street,Dayton,OH,45414,(937) 890-7905,Automotive; appliances; consumer; aerospace; defense; medical,"Mold design & manufacturing (multi-axis, high-speed, gun drilling, Moldflow); product qualification; injection molding (two-shot, insert, sequential gate, gas/vac assist, thin-wall, long glass fiber); secondary ops (welding, staking, pad printing, CNC); 202,000 sq ft molding facility with 90+ presses (55–1100T); ISO 9001:2015; ITAR; IATF 16949",202000,,,71,,,Yes,Yes,Yes,,,
Penco Tool LLC,CY,http://www.pencotool.com,pencotool.com,AMBA,13760 Main Street,Bath,MI,48808,(440) 998-1116,Automotive; aerospace; consumer; industrial,Compression molds (preform & SMC fiberglass); thermoplastic injection molds; design & engineering support; ISO 9001 certified,,,,,Owner: Steven Pendleton,,Yes,,Yes,,,
"Pleasant Precision, Inc. (PPI)",CY,http://www.pleasantprecision.com,pleasantprecision.com,AMBA,501 West Vine Street,Kenton,OH,43326,(800) 860-3974,Medical; automotive; industrial automation; filtration; commercial fans,"Contract manufacturing (DFM, tooling, molding, assembly/welding/pad printing/kitting); injection molding (55–400T, cleanroom); mold making; extrusion (medical tubing, Class 100,000); Round Mate® interchangeable insert system; IATF 16949:2016",,,,46+,,,Yes,,Yes,,,
"Tetra Mold & Tool, Inc.",CY,http://www.tetramold.com,tetramold.com,AMBA,301 West Main Street,Saegertown,PA,16443,(814) 763-3211,Automotive; appliances; electronics; medical; industrial,"Precision mold building & injection molding; mold repair (thermosets/thermoplastics); insert & over-molding; prototyping (3D printing, CNC, prototype molding); presses 35–500T; SPC/continuous improvement; IATF certified",,,,,,,Yes,,Yes,,,
TJAR Innovations LLC,CY,http://www.tjarinnovations.com,tjarinnovations.com,AMBA,1004 Cincinnati Ave,Xenia,OH,45385,(937) 347-1999,Defense; consumer; industrial; automotive,"Custom mold building (SolidWorks, Mastercam, CNC); injection molding (35–375T, low?high volume); rapid molding (3D printed tooling); production molding & assemblies; turnkey design?package; ISO quality systems; family-owned",,,,,Family-owned,,Yes,,Yes,Yes,,
"Buss Precision Mold, Inc.",CY,http://www.bussmold.com,bussmold.com,AMBA,13581 SE Ambler Road,Clackamas,OR,97015,(503) 652-5804,Medical; industrial; aerospace & defense; transportation; electronics; consumer products,"Mold design (complex parting lines, undercuts, unscrewing, conformal cooling); plastic injection mold building (24/7 lights-out); EDM; high-speed CNC; laser welding/engraving; project management; mold testing & qualification (FAI, pre-production); SPI Class 101–105; repair & refurbishment; ITAR compliant",,,,36+,,,Yes,Yes,Yes,,,
"Crescent Industries, Inc.",CY,http://www.crescentind.com,crescentind.com,AMBA,70 East High Street,New Freedom,PA,17349,(717) 928-8291,Medical & pharmaceutical (Class I–III); military & defense; industrial/OEM,Mold design & DFM; custom injection molding (11–450T); ISO 7 cleanroom; assembly/kitting/welding/pad printing; automation & cobots; tooling & repair; ISO 13485; ITAR; FDA registered; family- & employee-owned,,,,79,Family- & employee-owned,,Yes,,Yes,Yes,,
PRISM Plastics (Meadville Plant),CN,http://www.prismplastics.com/meadville,prismplastics.com,AMBA,1045 French Street,Meadville,PA,16335,(810) 292-6300,Automotive; industrial; consumer; medical,"Precision injection molding; tight tolerance parts; multi-site operations (MI, PA, TX, MX)",,,,,,,Yes,,,,,
"Quality Mold, Inc.",CY,http://www.qualitymolderie.com,qualitymolderie.com,AMBA,8130 Hawthorne Drive,Erie,PA,16509,(814) 866-2255,Medical; automotive; consumer,"Prototype to high-cavitation production molds; design (servo & hydraulic unscrewing; two-shot; stack; core pulls); manufacturing & inspection (CMM, Zeiss Contura G2); prototyping & optional sampling via Quality Plastics; Class 101 tooling; ISO 9001:2015; family-owned (Tom & Barb Hakel)",16000,,,40,Family-owned,,Yes,Yes,Yes,Yes,,
"Adler Rapid Mold (Rapid Mold Solutions, Inc.)",CY,http://www.rapidmoldsolutions.com,rapidmoldsolutions.com,AMBA,1008 SE Browning St,Lee's Summit,MO,64081,(415) 329-6877,Automotive; industrial; medical devices; consumer products,"Full-service injection mold manufacturer; 61,000 sq ft facility; fast turnaround prototypes & repairs; Product Solutions Lab for sampling, validation & process optimization; tool design & PM; short/medium production runs",61000,,,,,,Yes,,Yes,,,
Tessy Tooling,CY,https://www.tessytooling.com,tessytooling.com,AMBA,2113 E 30th Street,Erie,PA,16510,(814) 838-9777,Medical devices; pharmaceutical packaging & diagnostics; consumer & consumer healthcare,Engineering & mold design; manufacturing; quality assurance; lifecycle management; continuous improvement; continuation of Tessy Plastics’ family legacy,,,,,Family-owned legacy,,Yes,,,Yes,,
JMMS Die & Mold,CY,http://www.jmmsinc.com,jmmsinc.com,AMBA,807 Sheffield Road,Easley,SC,29642,(864) 855-0450,Appliances; automotive; consumer products; electronics; lawn & garden; medical tech; power generation; power tools; returnable packaging,"Design/engineering/manufacturing; thermoplastic injection molds; zinc & aluminum die casting tooling; RIM; hybrid tooling; preventive maintenance, repairs & mods; cycle-time reduction & interchangeable inserts",,,,,,,Yes,,Yes,,,
MSI Mold Builders,C?,http://www.msimoldbuilders.com,msimoldbuilders.com,AMBA,12300 6th St SW,Cedar Rapids,IA,52404,(319) 848-7001,Automotive; power sports; agriculture; lawn & garden; medical equipment; heavy truck; material handling; RV; construction; office furniture,Steel & aluminum injection molds; structural foam; gas assist; blow; structural web; aluminum for limited runs; design/build/repair; proactive comms,,,,54,,,Yes,Yes,Yes,,,
United Tool & Mold Inc. (UTM),CY,http://www.utminc.com,utminc.com,AMBA,106 Financial Blvd.,Liberty,SC,29657,(864) 859-8300,Injection & blow molding industry,"Engineering changes; preventive maintenance; injection & blow mold repairs; laser welding & engraving; fluidized bed cleaning; on-site press repair; new tool build support; 60,000 sq ft HQ; cranes to 55 metric tons; AL facility up to 60,000 lbs; 24/7 emergency support",60000,,,30,,,Yes,,Yes,,,
Prairie Tool Company,CY,http://www.prairietool.net,prairietool.net,AMBA,723 Commerce St.,Aberdeen,SD,57401,(605) 225-4028,Medical; consumer products; lawn & garden; agriculture; electronics; appliances,"Mold design & prototyping; production molds (steel, aluminum, stainless, MoldMAX, Ampco); multi-cavity, family, unscrewing; interchangeable cores/cavities; graphite electrode machining; 4-axis wire EDM; plunge EDM; 5-axis CNC; assembly & value-add",12000,,,36,,,Yes,Yes,Yes,,,
"Integrity Tennessee, Inc.",CY,http://www.integritytn.com,integritytn.com,AMBA,2071 Elkton Pike,Pulaski,TN,38478,(931) 207-8334,Automotive; consumer; industrial; Tier 2/3 support,Feasibility & product design; mold flow & design; injection mold manufacturing; repairs & engineering changes; tool launch & validation; transportation support; custom machining,,,,,Service-centric,,Yes,,Yes,,,
Moldesign,CY,http://www.moldesign.com,moldesign.com,AMBA,4720 Middlebrook Pike,Knoxville,TN,37921,(865) 588-3774,Consumer; horticulture (Greenstalk Vertical Garden),Mold design & build; product launch assistance; hours Mon–Fri 8–5; creator of Greenstalk Vertical Garden,,,,,,,Yes,,Yes,,,
Detail Mold & Manufacturing LLC,CY,http://www.detailmold.com,detailmold.com,AMBA,14773 Ranch Road 2338,Georgetown,TX,78633,(512) 255-0525,Medical; industrial; consumer,"Engineering & design; CNC high-speed milling & turning; EDM (wire & sinker); laser welding & engraving; injection mold design, validation & production support; custom machining; ISO 9001:2015 & ISO 13485:2016; Class 8 cleanroom; lights-out automation",26000,,,35+,,,Yes,,Yes,,,
Lowrance Machine Shop,CY,http://www.lowrancemachine.com,lowrancemachine.com,AMBA,13510 East Hardy Road,Houston,TX,77039,(281) 449-6524,Rubber & plastic molding; automotive; oil & gas; industrial,"CNC & manual machining; custom mold design & building (rubber & plastic; compression/transfer/injection); mold repairs; inserts; reverse engineering; engineered components; special fasteners; industrial repair; value-add (heat treat, coatings, NDT, welding, EDM, testing); ISO 9001:2015; family-owned (3 generations)",,,,,Family-owned (since 1964),,Yes,,Yes,Yes,,
"Schaefer Mold, Inc.",CY,http://www.schaefermold.com,schaefermold.com,AMBA,2358 Blue Smoke Court N.,Fort Worth,TX,76105,(817) 534-7461,Automotive; consumer; industrial; medical (implied),Mold design & manufacturing; experienced leadership & design staff,,,,,,,Yes,,Yes,,,
Solution Tools,CY,http://www.solution-tools.com,solution-tools.com,AMBA,6989 Commerce Ave.,El Paso,TX,79915,(915) 594-0040,Medical; automotive; appliance,Plastic injection mold design & manufacturing; in-house diagnostics; toolmaking & moldmaking; US & Mexico operations; environment & compliance values,,,,25+,,,Yes,,Yes,,,
Schweitzer Engineering Laboratories (SEL),CN,http://www.selinc.com,selinc.com,AMBA,2350 NE Hopkins Court,Pullman,WA,99163,(509) 332-1890,Electric power grid; utilities; critical infrastructure,"Generation/transmission solutions; distribution & substation automation; microgrid control; cybersecurity; electronic relays & controllers; turnkey engineering; >7,000 employees; 100% employee-owned; products >250 years MTBF",,,,41,Employee-owned,,,,,,,
"AJ Tool & Manufacturing, LLC",CN,http://www.ajtoolmfg.com,ajtoolmfg.com,AMBA,3026 Beechwood Industrial Ct.,Hubertus,WI,53033,(262) 628-4445,Medical; automotive; marine; communications & electronics; consumer; lawn & garden; packaging; appliance & industrial,Custom tooling & molds; engineering; competitive pricing; flexible in-house design; second-generation family-owned,,,,,Family-owned (2nd gen),,Yes,,Yes,Yes,,
Apollo Tool Inc.,CY,http://www.apollo-tool.com,apollo-tool.com,AMBA,4th St Cardinal Dr,Westfield,WI,53964,(608) 296-2112,Various (tool & die; plastics),Plastic injection tooling (close tolerance); hot runner; multi-shot; insert; auto-unscrewing; compression; multi-cavity; die-cast; tool engineering & design; 3D modeling & CAD/CAM; prototypes & rapid tooling; emergency mold repair (Mold Medics); family-owned since 1973,,,,52,Family-owned,,Yes,Yes,Yes,Yes,,
Carlson Tool & Manufacturing,CY,http://www.carlsontool.com,carlsontool.com,AMBA,2020 W57 N14386 Doerr Way,Cedarburg,WI,53012,(800) 532-2252,Automotive; aerospace; medical; industrial; consumer,"Tool design/engineering/manufacturing/tryout/validation; injection molds & repair/refurbishment; gundrilling & deep-hole (to 20 ft, up to 20"" dia); honing (±0.0005"", 4Ra); precision machining (CNC turning/milling/EDM); metrology lab (5 CMMs); ISO 9000",,,,67,Family-owned,,Yes,Yes,Yes,Yes,,
CDM Tool & Manufacturing,CY,http://www.cdmtool.com,cdmtool.com,AMBA,749 North Wacker Drive,Hartford,WI,53027,(262) 673-5620,Automotive; aerospace; medical; consumer; industrial,"Mold making (Class 101–105; structural foam; double-shot; stack; overmold); CNC machining (vertical, horizontal, 5-axis); EDM (sinker & wire); gun drilling; contract machining; prototyping; tool repair & welding; advanced equipment",,,,63,,,Yes,Yes,Yes,,,
Classic Tool & Die,C?,http://www.classtd.com,classtd.com,AMBA,1904 Industrial Drive,Sandusky,OH,44870,(419) 626-2111,,,Limited public data,,,,,,,,,,,
"Compumold Tool & Design, Inc.",CY,http://www.compumold.com,compumold.com,AMBA,710 S Airport Rd.,Phillips,WI,54555,(715) 339-3000,Automotive; medical; consumer; industrial; electronics,"Small to medium injection molds (7–300T); mold design; EOAT; assembly fixtures; holding nests; prototyping & revisions; CAD/CAM (SolidWorks, Mastercam)",,,,41,,,Yes,,Yes,,,
D & S Mold & Tool,C?,http://www.dsmold.com,dsmold.com,AMBA,2417 Cleveland Ave,Marinette,WI,54143,(715) 732-0504,,,"Limited data (assumed mold design, tooling, machining, repair)",,,,,,,,,,,
Dynacast (Form Technologies),CY,http://www.dynacast.com,dynacast.com,AMBA,3770 Glen Lake Drive,Charlotte,NC,28208,(704) 398-7000,Automotive; electronics; enterprise tech; hardware; medical; renewable energy & EV,"Precision die casting (aluminum, magnesium, zinc); thin-wall complex geometries; surface finishing (anodizing, e-coating, conversion coatings); scalable global manufacturing; ESG & ISO 14001 initiatives",,,,100+ years brand lineage,,,,,,,,
Dynamic Tool Corporation,CY,http://www.dyntool.com,dyntool.com,AMBA,6340 W133 N5180 Campbell Drive,Menomonee Falls,WI,53051,(262) 783-6340,Medical; packaging; personal care; industrial; energy; electronics; water management,Prototype/bridge/pilot/production molds (single to 256-cavity & stack); multi-shot; insert; IMD/IML; hot runner; auto-unscrew; collapsible core; DFM; refurbishment/repair/PM; scientific sampling; turnkey systems (robotics/automation/conveyors/custom equipment); conformal cooling & simulation; tolerances to 0.0002",,,,40+,,,Yes,Yes,Yes,,,
"Innovation Mold and Design, Inc.",CY,http://www.innovationmold.com,innovationmold.com,AMBA,N118 W18988 Bunsen Drive,Germantown,WI,53022,(262) 251-8201,Automotive; medical; electrical; agricultural; lawn & garden; hardware; consumer; packaging,"Injection, thermoset injection & compression, and diecast molds; custom machining; EDM; contract design; 30,000 sq ft facility; state-of-the-art CAD/CAM; quick turnaround",30000,,,46,,,Yes,Yes,Yes,,,
Kaysun Corporation,CY,http://www.kaysun.com,kaysun.com,AMBA,5500 West Drive,Manitowoc,WI,54220,(920) 686-5800,Medical; industrial; automotive & heavy truck; consumer products,"Engineering (DfM, materials, metal-to-plastic conversion); tool building & validation; scientific molding; injection molding (multi-shot, insert, overmolding); in-house quality lab (IQ/OQ/PQ); assembly & automation; ISO 9001:2015; sustainability initiatives",,,,79,Founded 1946,,Yes,Yes,Yes,,,
M&M Tool and Mold,CY,http://www.mmtoolandmold.com,mmtoolandmold.com,AMBA,3300 Commodity Lane,Green Bay,WI,54304,(920) 336-6474,Medical; consumer; industrial; automotive,Tool & die; concurrent engineering; hot runner; insert molds; die cast tooling; prototype tooling; multi-shot; ITAR/Q-MED/AMBA certified; lights-out automation; award-winning,,,,30,,,Yes,Yes,Yes,,,
"Master Tool and Mold, Inc.",CY,http://www.mastertoolandmold.com,mastertoolandmold.com,AMBA,"765 N. 11th Ave., P.O. Box 152",Grafton,WI,53024,(262) 377-8030,Medical; housewares; lawn & garden; recreational; plumbing,"Multi-cavity, close-tolerance molds & dies; new tooling; welding & repair; skilled craftsmanship with CNC precision; founded 1972",,,,53,,,Yes,,Yes,,,
Mauston Tool Corporation,CY,https://www.maustontool.com,maustontool.com,AMBA,1015 Parker Drive,Mauston,WI,53948,(608) 847-5162,Medical; consumer; automotive; electronics,Custom injection mold builder; multi-cavity & multi-mold projects; product design assistance; mold sampling & FAI; thermoplastic & LSR tooling; emergency repairs & maintenance; heavy robotics & lights-out; 95% repeat customers,,,,47,,,Yes,Yes,Yes,,,
Omega Tool,CN,http://www.omega-tool.com,omega-tool.com,AMBA,1055 Clark Road,Windsor,Ontario N8N,1B1,(262) 255-0205,,,Limited public data,,,,,,,,,,,
"RAM Tool, Inc.",CY,http://www.ramtoolinc.com,ramtoolinc.com,AMBA,1420 Cheyenne Ave.,Grafton,WI,53024,(262) 375-3036,Aerospace; automotive; medical; military & defense; oil & gas; mining; agriculture; powersports; wind energy; railroad,"CNC machining (5-axis, large-part to 20 tons); EDM (wire & sinker); prototype tooling; die cast dies; contract milling; laser scanning & reverse engineering; custom inspection machinery; welding & forging; rapid prototyping; 80,000 sq ft; ISO 9001:2015; ITAR",80000,,,46,Family-owned,,Yes,Yes,Yes,Yes,,
Retlaw Industries Inc.,CY,http://www.retlawindustries.com,retlawindustries.com,AMBA,520 Industrial Drive,Hartland,WI,53029,(888) 412-9188,Fitness; lawn & garden; electronics; construction; appliances; agriculture; food production; warehousing & transportation; automation,"Plastic injection molding; custom tooling & EDM; mold making & precision tooling; assembly & prototyping; design & engineering; 50,000+ sq ft facility; 19 molding machines; ISO 9001:2015; American-made",50000+,,,40+,,,Yes,,Yes,,,
Sheridan Mold & Engineering Inc.,CY,http://www.sheridanmold.com,sheridanmold.com,AMBA,,,,,(414) 481-8203,Automotive; electronics; consumer; industrial,"Injection molding (prototype/bridge/production; overmolding & insert); CNC machining; additive manufacturing; mold design, engineering & sampling; turnkey systems; rapid prototyping; founded 1998",,,,27,,,Yes,,Yes,,,
Snider Mold Company,CY,http://www.snidermold.com,snidermold.com,AMBA,6303 West Industrial Drive,Mequon,WI,53092,(262) 242-0870,Automotive; agriculture; marine; leisure vehicles; seating; housing & construction,Medium to large injection; low-pressure injection; compression molds (SMC/BMC); in-mold trimming; edge wrap; multiple material molds; structural foam & web; contract CNC & sample molding; secondary punch & trim; specialty machinery for assembly/QC/SPC; prototyping?production,,,,40+,,,Yes,,Yes,,,
Stellar Mold & Tool,CY,http://www.stellarmold.com,stellarmold.com,AMBA,20850 West Gale Ave,Galesville,WI,54630,(608) 582-4118,Medical; electronics; aerospace; automotive; consumer products,"Injection mold design/programming; CNC (high-speed, tight tolerance to ±0.0001""); wire & sinker EDM; repair/revision/retooling; laser micro welding; reverse engineering & 3D scanning; shuttle/two-shot/overmolding/high-cavitation/unscrewing; 3D printing & prototyping; 20,000 sq ft; new ownership 2020 with $2M+ upgrades",20000,,,47,,,Yes,Yes,Yes,,,
Triangle Tool LLC,CY,http://www.triangletoolcorp.com,triangletoolcorp.com,AMBA,8609 W Port Ave,Milwaukee,WI,53224,(414) 357-7117,Automotive; industrial; energy; others,Large mold building; injection molds; specialty machining (broad sizes/configurations); fluid end machining; continuous innovation & partner-oriented approach,,,,,,,Yes,Yes,Yes,,,
,,,,,,,,,,,,,,,,,,,,,,,
,,,,,,,,,,,,,,,,,,,,,,,
,,,,,,,,,,,,,,,,,,,,,,,
,,,,,,,,,,,,,,,,,,,,,,,
,,,,,,,,,,,,,,,,,,,,,,,
,,,,,,,,,,,,,,,,,,,,,,,
,,,,,,,,,,,,,,,,,,,,,,,
,,,,,,,,,,,,,,,,,,,,,,,
,,,,,,,,,,,,,,,,,,,,,,,
,,,,,,,,,,,,,,,,,,,,,,,
,,,,,,,,,,,,,,,,,,,,,,,
,,,,,,,,,,,,,,,,,,,,,,,
,,,,,,,,,,,,,,,,,,,,,,,
,,,,,,,,,,,,,,,,,,,,,,,
,,,,,,,,,,,,,,,,,,,,,,,
,,,,,,,,,,,,,,,,,,,,,,,
,,,,,,,,,,,,,,,,,,,,,,,
,,,,,,,,,,,,,,,,,,,,,,,
,,,,,,,,,,,,,,,,,,,,,,,
,,,,,,,,,,,,,,,,,,,,,,,
,,,,,,,,,,,,,,,,,,,,,,,
,,,,,,,,,,,,,,,,,,,,,,,
,,,,,,,,,,,,,,,,,,,,,,,
,,,,,,,,,,,,,,,,,,,,,,,
,,,,,,,,,,,,,,,,,,,,,,,
,,,,,,,,,,,,,,,,,,,,,,,
,,,,,,,,,,,,,,,,,,,,,,,
,,,,,,,,,,,,,,,,,,,,,,,
,,,,,,,,,,,,,,,,,,,,,,,
,,,,,,,,,,,,,,,,,,,,,,,
,,,,,,,,,,,,,,,,,,,,,,,
,,,,,,,,,,,,,,,,,,,,,,,
,,,,,,,,,,,,,,,,,,,,,,,
,,,,,,,,,,,,,,,,,,,,,,,
,,,,,,,,,,,,,,,,,,,,,,,
,,,,,,,,,,,,,,,,,,,,,,,
,,,,,,,,,,,,,,,,,,,,,,,
,,,,,,,,,,,,,,,,,,,,,,,
,,,,,,,,,,,,,,,,,,,,,,,
,,,,,,,,,,,,,,,,,,,,,,,
,,,,,,,,,,,,,,,,,,,,,,,
,,,,,,,,,,,,,,,,,,,,,,,
,,,,,,,,,,,,,,,,,,,,,,,
,,,,,,,,,,,,,,,,,,,,,,,
,,,,,,,,,,,,,,,,,,,,,,,
,,,,,,,,,,,,,,,,,,,,,,,
,,,,,,,,,,,,,,,,,,,,,,,
,,,,,,,,,,,,,,,,,,,,,,,
,,,,,,,,,,,,,,,,,,,,,,,
,,,,,,,,,,,,,,,,,,,,,,,
,,,,,,,,,,,,,,,,,,,,,,,
,,,,,,,,,,,,,,,,,,,,,,,
,,,,,,,,,,,,,,,,,,,,,,,
,,,,,,,,,,,,,,,,,,,,,,,
,,,,,,,,,,,,,,,,,,,,,,,
,,,,,,,,,,,,,,,,,,,,,,,
,,,,,,,,,,,,,,,,,,,,,,,
,,,,,,,,,,,,,,,,,,,,,,,
,,,,,,,,,,,,,,,,,,,,,,,
,,,,,,,,,,,,,,,,,,,,,,,
,,,,,,,,,,,,,,,,,,,,,,,
,,,,,,,,,,,,,,,,,,,,,,,
,,,,,,,,,,,,,,,,,,,,,,,
,,,,,,,,,,,,,,,,,,,,,,,
,,,,,,,,,,,,,,,,,,,,,,,
,,,,,,,,,,,,,,,,,,,,,,,
,,,,,,,,,,,,,,,,,,,,,,,
,,,,,,,,,,,,,,,,,,,,,,,
,,,,,,,,,,,,,,,,,,,,,,,
,,,,,,,,,,,,,,,,,,,,,,,
,,,,,,,,,,,,,,,,,,,,,,,
,,,,,,,,,,,,,,,,,,,,,,,
,,,,,,,,,,,,,,,,,,,,,,,
,,,,,,,,,,,,,,,,,,,,,,,
,,,,,,,,,,,,,,,,,,,,,,,
,,,,,,,,,,,,,,,,,,,,,,,
,,,,,,,,,,,,,,,,,,,,,,,
,,,,,,,,,,,,,,,,,,,,,,,
,,,,,,,,,,,,,,,,,,,,,,,
,,,,,,,,,,,,,,,,,,,,,,,
,,,,,,,,,,,,,,,,,,,,,,,
,,,,,,,,,,,,,,,,,,,,,,,
,,,,,,,,,,,,,,,,,,,,,,,
,,,,,,,,,,,,,,,,,,,,,,,
,,,,,,,,,,,,,,,,,,,,,,,
,,,,,,,,,,,,,,,,,,,,,,,
,,,,,,,,,,,,,,,,,,,,,,,
,,,,,,,,,,,,,,,,,,,,,,,
,,,,,,,,,,,,,,,,,,,,,,,
,,,,,,,,,,,,,,,,,,,,,,,
,,,,,,,,,,,,,,,,,,,,,,,
,,,,,,,,,,,,,,,,,,,,,,,
,,,,,,,,,,,,,,,,,,,,,,,
,,,,,,,,,,,,,,,,,,,,,,,
,,,,,,,,,,,,,,,,,,,,,,,
,,,,,,,,,,,,,,,,,,,,,,,
,,,,,,,,,,,,,,,,,,,,,,,
,,,,,,,,,,,,,,,,,,,,,,,
,,,,,,,,,,,,,,,,,,,,,,,
,,,,,,,,,,,,,,,,,,,,,,,
,,,,,,,,,,,,,,,,,,,,,,,
,,,,,,,,,,,,,,,,,,,,,,,
,,,,,,,,,,,,,,,,,,,,,,,
,,,,,,,,,,,,,,,,,,,,,,,
,,,,,,,,,,,,,,,,,,,,,,,
,,,,,,,,,,,,,,,,,,,,,,,
,,,,,,,,,,,,,,,,,,,,,,,
,,,,,,,,,,,,,,,,,,,,,,,
,,,,,,,,,,,,,,,,,,,,,,,
,,,,,,,,,,,,,,,,,,,,,,,
,,,,,,,,,,,,,,,,,,,,,,,
,,,,,,,,,,,,,,,,,,,,,,,
,,,,,,,,,,,,,,,,,,,,,,,
,,,,,,,,,,,,,,,,,,,,,,,
,,,,,,,,,,,,,,,,,,,,,,,
,,,,,,,,,,,,,,,,,,,,,,,
,,,,,,,,,,,,,,,,,,,,,,,
,,,,,,,,,,,,,,,,,,,,,,,
,,,,,,,,,,,,,,,,,,,,,,,
,,,,,,,,,,,,,,,,,,,,,,,
,,,,,,,,,,,,,,,,,,,,,,,
,,,,,,,,,,,,,,,,,,,,,,,
,,,,,,,,,,,,,,,,,,,,,,,
,,,,,,,,,,,,,,,,,,,,,,,
,,,,,,,,,,,,,,,,,,,,,,,
,,,,,,,,,,,,,,,,,,,,,,,
,,,,,,,,,,,,,,,,,,,,,,,
,,,,,,,,,,,,,,,,,,,,,,,
,,,,,,,,,,,,,,,,,,,,,,,
,,,,,,,,,,,,,,,,,,,,,,,
,,,,,,,,,,,,,,,,,,,,,,,
,,,,,,,,,,,,,,,,,,,,,,,
,,,,,,,,,,,,,,,,,,,,,,,
,,,,,,,,,,,,,,,,,,,,,,,
,,,,,,,,,,,,,,,,,,,,,,,
,,,,,,,,,,,,,,,,,,,,,,,
,,,,,,,,,,,,,,,,,,,,,,,
,,,,,,,,,,,,,,,,,,,,,,,
,,,,,,,,,,,,,,,,,,,,,,,
,,,,,,,,,,,,,,,,,,,,,,,
,,,,,,,,,,,,,,,,,,,,,,,
,,,,,,,,,,,,,,,,,,,,,,,
,,,,,,,,,,,,,,,,,,,,,,,
,,,,,,,,,,,,,,,,,,,,,,,
,,,,,,,,,,,,,,,,,,,,,,,
,,,,,,,,,,,,,,,,,,,,,,,
,,,,,,,,,,,,,,,,,,,,,,,
,,,,,,,,,,,,,,,,,,,,,,,
,,,,,,,,,,,,,,,,,,,,,,,
,,,,,,,,,,,,,,,,,,,,,,,
,,,,,,,,,,,,,,,,,,,,,,,
,,,,,,,,,,,,,,,,,,,,,,,
,,,,,,,,,,,,,,,,,,,,,,,
,,,,,,,,,,,,,,,,,,,,,,,
,,,,,,,,,,,,,,,,,,,,,,,
,,,,,,,,,,,,,,,,,,,,,,,
,,,,,,,,,,,,,,,,,,,,,,,
,,,,,,,,,,,,,,,,,,,,,,,
,,,,,,,,,,,,,,,,,,,,,,,
,,,,,,,,,,,,,,,,,,,,,,,
,,,,,,,,,,,,,,,,,,,,,,,
,,,,,,,,,,,,,,,,,,,,,,,
,,,,,,,,,,,,,,,,,,,,,,,
,,,,,,,,,,,,,,,,,,,,,,,
,,,,,,,,,,,,,,,,,,,,,,,
,,,,,,,,,,,,,,,,,,,,,,,
,,,,,,,,,,,,,,,,,,,,,,,
,,,,,,,,,,,,,,,,,,,,,,,
,,,,,,,,,,,,,,,,,,,,,,,
,,,,,,,,,,,,,,,,,,,,,,,
,,,,,,,,,,,,,,,,,,,,,,,
,,,,,,,,,,,,,,,,,,,,,,,
,,,,,,,,,,,,,,,,,,,,,,,
,,,,,,,,,,,,,,,,,,,,,,,
,,,,,,,,,,,,,,,,,,,,,,,
,,,,,,,,,,,,,,,,,,,,,,,
,,,,,,,,,,,,,,,,,,,,,,,
,,,,,,,,,,,,,,,,,,,,,,,
,,,,,,,,,,,,,,,,,,,,,,,
,,,,,,,,,,,,,,,,,,,,,,,
,,,,,,,,,,,,,,,,,,,,,,,
,,,,,,,,,,,,,,,,,,,,,,,
,,,,,,,,,,,,,,,,,,,,,,,
,,,,,,,,,,,,,,,,,,,,,,,
,,,,,,,,,,,,,,,,,,,,,,,
,,,,,,,,,,,,,,,,,,,,,,,
,,,,,,,,,,,,,,,,,,,,,,,
,,,,,,,,,,,,,,,,,,,,,,,
,,,,,,,,,,,,,,,,,,,,,,,
,,,,,,,,,,,,,,,,,,,,,,,
,,,,,,,,,,,,,,,,,,,,,,,
,,,,,,,,,,,,,,,,,,,,,,,
,,,,,,,,,,,,,,,,,,,,,,,
,,,,,,,,,,,,,,,,,,,,,,,
,,,,,,,,,,,,,,,,,,,,,,,
,,,,,,,,,,,,,,,,,,,,,,,
,,,,,,,,,,,,,,,,,,,,,,,
,,,,,,,,,,,,,,,,,,,,,,,
,,,,,,,,,,,,,,,,,,,,,,,
,,,,,,,,,,,,,,,,,,,,,,,
,,,,,,,,,,,,,,,,,,,,,,,
,,,,,,,,,,,,,,,,,,,,,,,
,,,,,,,,,,,,,,,,,,,,,,,
,,,,,,,,,,,,,,,,,,,,,,,
,,,,,,,,,,,,,,,,,,,,,,,
,,,,,,,,,,,,,,,,,,,,,,,
,,,,,,,,,,,,,,,,,,,,,,,
,,,,,,,,,,,,,,,,,,,,,,,
,,,,,,,,,,,,,,,,,,,,,,,
,,,,,,,,,,,,,,,,,,,,,,,
,,,,,,,,,,,,,,,,,,,,,,,
,,,,,,,,,,,,,,,,,,,,,,,
,,,,,,,,,,,,,,,,,,,,,,,
,,,,,,,,,,,,,,,,,,,,,,,
,,,,,,,,,,,,,,,,,,,,,,,
,,,,,,,,,,,,,,,,,,,,,,,
,,,,,,,,,,,,,,,,,,,,,,,
,,,,,,,,,,,,,,,,,,,,,,,
,,,,,,,,,,,,,,,,,,,,,,,
,,,,,,,,,,,,,,,,,,,,,,,
,,,,,,,,,,,,,,,,,,,,,,,
,,,,,,,,,,,,,,,,,,,,,,,
,,,,,,,,,,,,,,,,,,,,,,,
,,,,,,,,,,,,,,,,,,,,,,,
,,,,,,,,,,,,,,,,,,,,,,,
,,,,,,,,,,,,,,,,,,,,,,,
,,,,,,,,,,,,,,,,,,,,,,,
,,,,,,,,,,,,,,,,,,,,,,,
,,,,,,,,,,,,,,,,,,,,,,,
,,,,,,,,,,,,,,,,,,,,,,,
,,,,,,,,,,,,,,,,,,,,,,,
,,,,,,,,,,,,,,,,,,,,,,,
,,,,,,,,,,,,,,,,,,,,,,,
,,,,,,,,,,,,,,,,,,,,,,,
,,,,,,,,,,,,,,,,,,,,,,,
,,,,,,,,,,,,,,,,,,,,,,,
,,,,,,,,,,,,,,,,,,,,,,,
,,,,,,,,,,,,,,,,,,,,,,,
,,,,,,,,,,,,,,,,,,,,,,,
,,,,,,,,,,,,,,,,,,,,,,,
,,,,,,,,,,,,,,,,,,,,,,,
,,,,,,,,,,,,,,,,,,,,,,,
,,,,,,,,,,,,,,,,,,,,,,,
,,,,,,,,,,,,,,,,,,,,,,,
,,,,,,,,,,,,,,,,,,,,,,,
,,,,,,,,,,,,,,,,,,,,,,,
,,,,,,,,,,,,,,,,,,,,,,,
,,,,,,,,,,,,,,,,,,,,,,,
,,,,,,,,,,,,,,,,,,,,,,,
,,,,,,,,,,,,,,,,,,,,,,,
,,,,,,,,,,,,,,,,,,,,,,,
,,,,,,,,,,,,,,,,,,,,,,,
,,,,,,,,,,,,,,,,,,,,,,,
,,,,,,,,,,,,,,,,,,,,,,,
,,,,,,,,,,,,,,,,,,,,,,,
,,,,,,,,,,,,,,,,,,,,,,,
,,,,,,,,,,,,,,,,,,,,,,,
,,,,,,,,,,,,,,,,,,,,,,,
,,,,,,,,,,,,,,,,,,,,,,,
,,,,,,,,,,,,,,,,,,,,,,,
,,,,,,,,,,,,,,,,,,,,,,,
,,,,,,,,,,,,,,,,,,,,,,,
,,,,,,,,,,,,,,,,,,,,,,,
,,,,,,,,,,,,,,,,,,,,,,,
,,,,,,,,,,,,,,,,,,,,,,,
,,,,,,,,,,,,,,,,,,,,,,,
,,,,,,,,,,,,,,,,,,,,,,,
,,,,,,,,,,,,,,,,,,,,,,,
,,,,,,,,,,,,,,,,,,,,,,,
,,,,,,,,,,,,,,,,,,,,,,,
,,,,,,,,,,,,,,,,,,,,,,,
,,,,,,,,,,,,,,,,,,,,,,,
,,,,,,,,,,,,,,,,,,,,,,,
,,,,,,,,,,,,,,,,,,,,,,,
,,,,,,,,,,,,,,,,,,,,,,,
,,,,,,,,,,,,,,,,,,,,,,,
,,,,,,,,,,,,,,,,,,,,,,,
,,,,,,,,,,,,,,,,,,,,,,,
,,,,,,,,,,,,,,,,,,,,,,,
,,,,,,,,,,,,,,,,,,,,,,,
,,,,,,,,,,,,,,,,,,,,,,,
,,,,,,,,,,,,,,,,,,,,,,,
,,,,,,,,,,,,,,,,,,,,,,,
,,,,,,,,,,,,,,,,,,,,,,,
,,,,,,,,,,,,,,,,,,,,,,,
,,,,,,,,,,,,,,,,,,,,,,,
,,,,,,,,,,,,,,,,,,,,,,,
,,,,,,,,,,,,,,,,,,,,,,,
,,,,,,,,,,,,,,,,,,,,,,,
,,,,,,,,,,,,,,,,,,,,,,,
,,,,,,,,,,,,,,,,,,,,,,,
,,,,,,,,,,,,,,,,,,,,,,,
,,,,,,,,,,,,,,,,,,,,,,,
,,,,,,,,,,,,,,,,,,,,,,,
,,,,,,,,,,,,,,,,,,,,,,,
,,,,,,,,,,,,,,,,,,,,,,,
,,,,,,,,,,,,,,,,,,,,,,,
,,,,,,,,,,,,,,,,,,,,,,,
,,,,,,,,,,,,,,,,,,,,,,,
,,,,,,,,,,,,,,,,,,,,,,,
,,,,,,,,,,,,,,,,,,,,,,,
,,,,,,,,,,,,,,,,,,,,,,,
,,,,,,,,,,,,,,,,,,,,,,,
,,,,,,,,,,,,,,,,,,,,,,,
,,,,,,,,,,,,,,,,,,,,,,,
,,,,,,,,,,,,,,,,,,,,,,,
,,,,,,,,,,,,,,,,,,,,,,,
,,,,,,,,,,,,,,,,,,,,,,,
,,,,,,,,,,,,,,,,,,,,,,,
,,,,,,,,,,,,,,,,,,,,,,,
,,,,,,,,,,,,,,,,,,,,,,,
,,,,,,,,,,,,,,,,,,,,,,,
,,,,,,,,,,,,,,,,,,,,,,,
,,,,,,,,,,,,,,,,,,,,,,,
,,,,,,,,,,,,,,,,,,,,,,,
,,,,,,,,,,,,,,,,,,,,,,,
,,,,,,,,,,,,,,,,,,,,,,,
,,,,,,,,,,,,,,,,,,,,,,,
,,,,,,,,,,,,,,,,,,,,,,,
,,,,,,,,,,,,,,,,,,,,,,,
,,,,,,,,,,,,,,,,,,,,,,,
,,,,,,,,,,,,,,,,,,,,,,,
,,,,,,,,,,,,,,,,,,,,,,,
,,,,,,,,,,,,,,,,,,,,,,,
,,,,,,,,,,,,,,,,,,,,,,,
,,,,,,,,,,,,,,,,,,,,,,,
,,,,,,,,,,,,,,,,,,,,,,,
,,,,,,,,,,,,,,,,,,,,,,,
,,,,,,,,,,,,,,,,,,,,,,,
,,,,,,,,,,,,,,,,,,,,,,,
,,,,,,,,,,,,,,,,,,,,,,,
,,,,,,,,,,,,,,,,,,,,,,,
,,,,,,,,,,,,,,,,,,,,,,,
,,,,,,,,,,,,,,,,,,,,,,,
,,,,,,,,,,,,,,,,,,,,,,,
,,,,,,,,,,,,,,,,,,,,,,,
,,,,,,,,,,,,,,,,,,,,,,,
,,,,,,,,,,,,,,,,,,,,,,,
,,,,,,,,,,,,,,,,,,,,,,,
,,,,,,,,,,,,,,,,,,,,,,,
,,,,,,,,,,,,,,,,,,,,,,,
,,,,,,,,,,,,,,,,,,,,,,,
,,,,,,,,,,,,,,,,,,,,,,,
,,,,,,,,,,,,,,,,,,,,,,,
,,,,,,,,,,,,,,,,,,,,,,,
,,,,,,,,,,,,,,,,,,,,,,,
,,,,,,,,,,,,,,,,,,,,,,,
,,,,,,,,,,,,,,,,,,,,,,,
,,,,,,,,,,,,,,,,,,,,,,,
,,,,,,,,,,,,,,,,,,,,,,,
,,,,,,,,,,,,,,,,,,,,,,,
,,,,,,,,,,,,,,,,,,,,,,,
,,,,,,,,,,,,,,,,,,,,,,,
,,,,,,,,,,,,,,,,,,,,,,,
,,,,,,,,,,,,,,,,,,,,,,,
,,,,,,,,,,,,,,,,,,,,,,,
,,,,,,,,,,,,,,,,,,,,,,,
,,,,,,,,,,,,,,,,,,,,,,,
,,,,,,,,,,,,,,,,,,,,,,,
,,,,,,,,,,,,,,,,,,,,,,,
,,,,,,,,,,,,,,,,,,,,,,,
,,,,,,,,,,,,,,,,,,,,,,,
,,,,,,,,,,,,,,,,,,,,,,,
,,,,,,,,,,,,,,,,,,,,,,,
,,,,,,,,,,,,,,,,,,,,,,,
,,,,,,,,,,,,,,,,,,,,,,,
,,,,,,,,,,,,,,,,,,,,,,,
,,,,,,,,,,,,,,,,,,,,,,,
,,,,,,,,,,,,,,,,,,,,,,,
,,,,,,,,,,,,,,,,,,,,,,,
,,,,,,,,,,,,,,,,,,,,,,,
,,,,,,,,,,,,,,,,,,,,,,,
,,,,,,,,,,,,,,,,,,,,,,,
,,,,,,,,,,,,,,,,,,,,,,,
,,,,,,,,,,,,,,,,,,,,,,,
,,,,,,,,,,,,,,,,,,,,,,,
,,,,,,,,,,,,,,,,,,,,,,,
,,,,,,,,,,,,,,,,,,,,,,,
,,,,,,,,,,,,,,,,,,,,,,,
,,,,,,,,,,,,,,,,,,,,,,,
,,,,,,,,,,,,,,,,,,,,,,,
,,,,,,,,,,,,,,,,,,,,,,,
,,,,,,,,,,,,,,,,,,,,,,,
,,,,,,,,,,,,,,,,,,,,,,,
,,,,,,,,,,,,,,,,,,,,,,,
,,,,,,,,,,,,,,,,,,,,,,,
,,,,,,,,,,,,,,,,,,,,,,,
,,,,,,,,,,,,,,,,,,,,,,,
,,,,,,,,,,,,,,,,,,,,,,,
,,,,,,,,,,,,,,,,,,,,,,,
,,,,,,,,,,,,,,,,,,,,,,,
,,,,,,,,,,,,,,,,,,,,,,,
,,,,,,,,,,,,,,,,,,,,,,,
,,,,,,,,,,,,,,,,,,,,,,,
,,,,,,,,,,,,,,,,,,,,,,,
,,,,,,,,,,,,,,,,,,,,,,,
,,,,,,,,,,,,,,,,,,,,,,,
,,,,,,,,,,,,,,,,,,,,,,,
,,,,,,,,,,,,,,,,,,,,,,,
,,,,,,,,,,,,,,,,,,,,,,,
,,,,,,,,,,,,,,,,,,,,,,,
,,,,,,,,,,,,,,,,,,,,,,,
,,,,,,,,,,,,,,,,,,,,,,,
,,,,,,,,,,,,,,,,,,,,,,,
,,,,,,,,,,,,,,,,,,,,,,,
,,,,,,,,,,,,,,,,,,,,,,,
,,,,,,,,,,,,,,,,,,,,,,,
,,,,,,,,,,,,,,,,,,,,,,,
,,,,,,,,,,,,,,,,,,,,,,,
,,,,,,,,,,,,,,,,,,,,,,,
,,,,,,,,,,,,,,,,,,,,,,,
,,,,,,,,,,,,,,,,,,,,,,,
,,,,,,,,,,,,,,,,,,,,,,,
,,,,,,,,,,,,,,,,,,,,,,,
,,,,,,,,,,,,,,,,,,,,,,,
,,,,,,,,,,,,,,,,,,,,,,,
,,,,,,,,,,,,,,,,,,,,,,,
,,,,,,,,,,,,,,,,,,,,,,,
,,,,,,,,,,,,,,,,,,,,,,,
,,,,,,,,,,,,,,,,,,,,,,,
,,,,,,,,,,,,,,,,,,,,,,,
,,,,,,,,,,,,,,,,,,,,,,,
,,,,,,,,,,,,,,,,,,,,,,,
,,,,,,,,,,,,,,,,,,,,,,,
,,,,,,,,,,,,,,,,,,,,,,,
,,,,,,,,,,,,,,,,,,,,,,,
,,,,,,,,,,,,,,,,,,,,,,,
,,,,,,,,,,,,,,,,,,,,,,,
,,,,,,,,,,,,,,,,,,,,,,,
,,,,,,,,,,,,,,,,,,,,,,,
,,,,,,,,,,,,,,,,,,,,,,,
,,,,,,,,,,,,,,,,,,,,,,,
,,,,,,,,,,,,,,,,,,,,,,,
,,,,,,,,,,,,,,,,,,,,,,,
,,,,,,,,,,,,,,,,,,,,,,,
,,,,,,,,,,,,,,,,,,,,,,,
,,,,,,,,,,,,,,,,,,,,,,,
,,,,,,,,,,,,,,,,,,,,,,,
,,,,,,,,,,,,,,,,,,,,,,,
,,,,,,,,,,,,,,,,,,,,,,,
,,,,,,,,,,,,,,,,,,,,,,,
,,,,,,,,,,,,,,,,,,,,,,,
,,,,,,,,,,,,,,,,,,,,,,,
,,,,,,,,,,,,,,,,,,,,,,,
,,,,,,,,,,,,,,,,,,,,,,,
,,,,,,,,,,,,,,,,,,,,,,,
,,,,,,,,,,,,,,,,,,,,,,,
,,,,,,,,,,,,,,,,,,,,,,,
,,,,,,,,,,,,,,,,,,,,,,,
,,,,,,,,,,,,,,,,,,,,,,,
,,,,,,,,,,,,,,,,,,,,,,,
,,,,,,,,,,,,,,,,,,,,,,,
,,,,,,,,,,,,,,,,,,,,,,,
,,,,,,,,,,,,,,,,,,,,,,,
,,,,,,,,,,,,,,,,,,,,,,,
,,,,,,,,,,,,,,,,,,,,,,,
,,,,,,,,,,,,,,,,,,,,,,,
,,,,,,,,,,,,,,,,,,,,,,,
,,,,,,,,,,,,,,,,,,,,,,,
,,,,,,,,,,,,,,,,,,,,,,,
,,,,,,,,,,,,,,,,,,,,,,,
,,,,,,,,,,,,,,,,,,,,,,,
,,,,,,,,,,,,,,,,,,,,,,,
,,,,,,,,,,,,,,,,,,,,,,,
,,,,,,,,,,,,,,,,,,,,,,,
,,,,,,,,,,,,,,,,,,,,,,,
,,,,,,,,,,,,,,,,,,,,,,,
,,,,,,,,,,,,,,,,,,,,,,,
,,,,,,,,,,,,,,,,,,,,,,,
,,,,,,,,,,,,,,,,,,,,,,,
,,,,,,,,,,,,,,,,,,,,,,,
,,,,,,,,,,,,,,,,,,,,,,,
,,,,,,,,,,,,,,,,,,,,,,,
,,,,,,,,,,,,,,,,,,,,,,,
,,,,,,,,,,,,,,,,,,,,,,,
,,,,,,,,,,,,,,,,,,,,,,,
,,,,,,,,,,,,,,,,,,,,,,,
,,,,,,,,,,,,,,,,,,,,,,,
,,,,,,,,,,,,,,,,,,,,,,,
,,,,,,,,,,,,,,,,,,,,,,,
,,,,,,,,,,,,,,,,,,,,,,,
,,,,,,,,,,,,,,,,,,,,,,,
,,,,,,,,,,,,,,,,,,,,,,,
,,,,,,,,,,,,,,,,,,,,,,,
,,,,,,,,,,,,,,,,,,,,,,,
,,,,,,,,,,,,,,,,,,,,,,,
,,,,,,,,,,,,,,,,,,,,,,,
,,,,,,,,,,,,,,,,,,,,,,,
,,,,,,,,,,,,,,,,,,,,,,,
,,,,,,,,,,,,,,,,,,,,,,,
,,,,,,,,,,,,,,,,,,,,,,,
,,,,,,,,,,,,,,,,,,,,,,,
,,,,,,,,,,,,,,,,,,,,,,,
,,,,,,,,,,,,,,,,,,,,,,,
,,,,,,,,,,,,,,,,,,,,,,,
,,,,,,,,,,,,,,,,,,,,,,,
,,,,,,,,,,,,,,,,,,,,,,,
,,,,,,,,,,,,,,,,,,,,,,,
,,,,,,,,,,,,,,,,,,,,,,,
,,,,,,,,,,,,,,,,,,,,,,,
,,,,,,,,,,,,,,,,,,,,,,,
,,,,,,,,,,,,,,,,,,,,,,,
,,,,,,,,,,,,,,,,,,,,,,,
,,,,,,,,,,,,,,,,,,,,,,,
,,,,,,,,,,,,,,,,,,,,,,,
,,,,,,,,,,,,,,,,,,,,,,,
,,,,,,,,,,,,,,,,,,,,,,,
,,,,,,,,,,,,,,,,,,,,,,,
,,,,,,,,,,,,,,,,,,,,,,,
,,,,,,,,,,,,,,,,,,,,,,,
,,,,,,,,,,,,,,,,,,,,,,,
,,,,,,,,,,,,,,,,,,,,,,,
,,,,,,,,,,,,,,,,,,,,,,,
,,,,,,,,,,,,,,,,,,,,,,,
,,,,,,,,,,,,,,,,,,,,,,,
,,,,,,,,,,,,,,,,,,,,,,,
,,,,,,,,,,,,,,,,,,,,,,,
,,,,,,,,,,,,,,,,,,,,,,,
,,,,,,,,,,,,,,,,,,,,,,,
,,,,,,,,,,,,,,,,,,,,,,,
,,,,,,,,,,,,,,,,,,,,,,,
,,,,,,,,,,,,,,,,,,,,,,,
,,,,,,,,,,,,,,,,,,,,,,,
,,,,,,,,,,,,,,,,,,,,,,,
,,,,,,,,,,,,,,,,,,,,,,,
,,,,,,,,,,,,,,,,,,,,,,,
,,,,,,,,,,,,,,,,,,,,,,,
,,,,,,,,,,,,,,,,,,,,,,,
,,,,,,,,,,,,,,,,,,,,,,,
,,,,,,,,,,,,,,,,,,,,,,,
,,,,,,,,,,,,,,,,,,,,,,,
,,,,,,,,,,,,,,,,,,,,,,,
,,,,,,,,,,,,,,,,,,,,,,,
,,,,,,,,,,,,,,,,,,,,,,,
,,,,,,,,,,,,,,,,,,,,,,,
,,,,,,,,,,,,,,,,,,,,,,,
,,,,,,,,,,,,,,,,,,,,,,,
,,,,,,,,,,,,,,,,,,,,,,,
,,,,,,,,,,,,,,,,,,,,,,,
,,,,,,,,,,,,,,,,,,,,,,,
,,,,,,,,,,,,,,,,,,,,,,,
,,,,,,,,,,,,,,,,,,,,,,,
,,,,,,,,,,,,,,,,,,,,,,,
,,,,,,,,,,,,,,,,,,,,,,,
,,,,,,,,,,,,,,,,,,,,,,,
,,,,,,,,,,,,,,,,,,,,,,,
,,,,,,,,,,,,,,,,,,,,,,,
,,,,,,,,,,,,,,,,,,,,,,,
,,,,,,,,,,,,,,,,,,,,,,,
,,,,,,,,,,,,,,,,,,,,,,,
,,,,,,,,,,,,,,,,,,,,,,,
,,,,,,,,,,,,,,,,,,,,,,,
,,,,,,,,,,,,,,,,,,,,,,,
,,,,,,,,,,,,,,,,,,,,,,,
,,,,,,,,,,,,,,,,,,,,,,,
,,,,,,,,,,,,,,,,,,,,,,,
,,,,,,,,,,,,,,,,,,,,,,,
,,,,,,,,,,,,,,,,,,,,,,,
,,,,,,,,,,,,,,,,,,,,,,,
,,,,,,,,,,,,,,,,,,,,,,,
,,,,,,,,,,,,,,,,,,,,,,,
,,,,,,,,,,,,,,,,,,,,,,,
,,,,,,,,,,,,,,,,,,,,,,,
,,,,,,,,,,,,,,,,,,,,,,,
,,,,,,,,,,,,,,,,,,,,,,,
,,,,,,,,,,,,,,,,,,,,,,,
,,,,,,,,,,,,,,,,,,,,,,,
,,,,,,,,,,,,,,,,,,,,,,,
,,,,,,,,,,,,,,,,,,,,,,,
,,,,,,,,,,,,,,,,,,,,,,,
,,,,,,,,,,,,,,,,,,,,,,,
,,,,,,,,,,,,,,,,,,,,,,,
,,,,,,,,,,,,,,,,,,,,,,,
,,,,,,,,,,,,,,,,,,,,,,,
,,,,,,,,,,,,,,,,,,,,,,,
,,,,,,,,,,,,,,,,,,,,,,,
,,,,,,,,,,,,,,,,,,,,,,,
,,,,,,,,,,,,,,,,,,,,,,,
,,,,,,,,,,,,,,,,,,,,,,,
,,,,,,,,,,,,,,,,,,,,,,,
,,,,,,,,,,,,,,,,,,,,,,,
,,,,,,,,,,,,,,,,,,,,,,,
,,,,,,,,,,,,,,,,,,,,,,,
,,,,,,,,,,,,,,,,,,,,,,,
,,,,,,,,,,,,,,,,,,,,,,,
,,,,,,,,,,,,,,,,,,,,,,,
,,,,,,,,,,,,,,,,,,,,,,,
,,,,,,,,,,,,,,,,,,,,,,,
,,,,,,,,,,,,,,,,,,,,,,,
,,,,,,,,,,,,,,,,,,,,,,,
,,,,,,,,,,,,,,,,,,,,,,,
,,,,,,,,,,,,,,,,,,,,,,,
,,,,,,,,,,,,,,,,,,,,,,,
,,,,,,,,,,,,,,,,,,,,,,,
,,,,,,,,,,,,,,,,,,,,,,,
,,,,,,,,,,,,,,,,,,,,,,,
,,,,,,,,,,,,,,,,,,,,,,,
,,,,,,,,,,,,,,,,,,,,,,,
,,,,,,,,,,,,,,,,,,,,,,,
,,,,,,,,,,,,,,,,,,,,,,,
,,,,,,,,,,,,,,,,,,,,,,,
,,,,,,,,,,,,,,,,,,,,,,,
,,,,,,,,,,,,,,,,,,,,,,,
,,,,,,,,,,,,,,,,,,,,,,,
,,,,,,,,,,,,,,,,,,,,,,,
,,,,,,,,,,,,,,,,,,,,,,,
,,,,,,,,,,,,,,,,,,,,,,,
,,,,,,,,,,,,,,,,,,,,,,,
,,,,,,,,,,,,,,,,,,,,,,,
,,,,,,,,,,,,,,,,,,,,,,,
,,,,,,,,,,,,,,,,,,,,,,,
,,,,,,,,,,,,,,,,,,,,,,,
,,,,,,,,,,,,,,,,,,,,,,,
,,,,,,,,,,,,,,,,,,,,,,,
,,,,,,,,,,,,,,,,,,,,,,,
,,,,,,,,,,,,,,,,,,,,,,,
,,,,,,,,,,,,,,,,,,,,,,,
,,,,,,,,,,,,,,,,,,,,,,,
,,,,,,,,,,,,,,,,,,,,,,,
,,,,,,,,,,,,,,,,,,,,,,,
,,,,,,,,,,,,,,,,,,,,,,,
,,,,,,,,,,,,,,,,,,,,,,,
,,,,,,,,,,,,,,,,,,,,,,,
,,,,,,,,,,,,,,,,,,,,,,,
,,,,,,,,,,,,,,,,,,,,,,,
,,,,,,,,,,,,,,,,,,,,,,,
,,,,,,,,,,,,,,,,,,,,,,,
,,,,,,,,,,,,,,,,,,,,,,,
,,,,,,,,,,,,,,,,,,,,,,,
,,,,,,,,,,,,,,,,,,,,,,,
,,,,,,,,,,,,,,,,,,,,,,,
,,,,,,,,,,,,,,,,,,,,,,,
,,,,,,,,,,,,,,,,,,,,,,,
,,,,,,,,,,,,,,,,,,,,,,,
,,,,,,,,,,,,,,,,,,,,,,,
,,,,,,,,,,,,,,,,,,,,,,,
,,,,,,,,,,,,,,,,,,,,,,,
,,,,,,,,,,,,,,,,,,,,,,,
,,,,,,,,,,,,,,,,,,,,,,,
,,,,,,,,,,,,,,,,,,,,,,,
,,,,,,,,,,,,,,,,,,,,,,,
,,,,,,,,,,,,,,,,,,,,,,,
,,,,,,,,,,,,,,,,,,,,,,,
,,,,,,,,,,,,,,,,,,,,,,,
,,,,,,,,,,,,,,,,,,,,,,,
,,,,,,,,,,,,,,,,,,,,,,,
,,,,,,,,,,,,,,,,,,,,,,,
,,,,,,,,,,,,,,,,,,,,,,,
,,,,,,,,,,,,,,,,,,,,,,,
,,,,,,,,,,,,,,,,,,,,,,,
,,,,,,,,,,,,,,,,,,,,,,,
,,,,,,,,,,,,,,,,,,,,,,,
,,,,,,,,,,,,,,,,,,,,,,,
,,,,,,,,,,,,,,,,,,,,,,,
,,,,,,,,,,,,,,,,,,,,,,,
,,,,,,,,,,,,,,,,,,,,,,,
,,,,,,,,,,,,,,,,,,,,,,,
,,,,,,,,,,,,,,,,,,,,,,,
,,,,,,,,,,,,,,,,,,,,,,,
,,,,,,,,,,,,,,,,,,,,,,,
,,,,,,,,,,,,,,,,,,,,,,,
,,,,,,,,,,,,,,,,,,,,,,,
,,,,,,,,,,,,,,,,,,,,,,,
,,,,,,,,,,,,,,,,,,,,,,,
,,,,,,,,,,,,,,,,,,,,,,,
,,,,,,,,,,,,,,,,,,,,,,,
,,,,,,,,,,,,,,,,,,,,,,,
,,,,,,,,,,,,,,,,,,,,,,,
,,,,,,,,,,,,,,,,,,,,,,,
,,,,,,,,,,,,,,,,,,,,,,,
,,,,,,,,,,,,,,,,,,,,,,,
,,,,,,,,,,,,,,,,,,,,,,,
,,,,,,,,,,,,,,,,,,,,,,,
,,,,,,,,,,,,,,,,,,,,,,,
,,,,,,,,,,,,,,,,,,,,,,,
,,,,,,,,,,,,,,,,,,,,,,,
,,,,,,,,,,,,,,,,,,,,,,,
,,,,,,,,,,,,,,,,,,,,,,,
,,,,,,,,,,,,,,,,,,,,,,,
,,,,,,,,,,,,,,,,,,,,,,,
,,,,,,,,,,,,,,,,,,,,,,,
,,,,,,,,,,,,,,,,,,,,,,,
,,,,,,,,,,,,,,,,,,,,,,,
,,,,,,,,,,,,,,,,,,,,,,,
,,,,,,,,,,,,,,,,,,,,,,,
,,,,,,,,,,,,,,,,,,,,,,,
,,,,,,,,,,,,,,,,,,,,,,,
,,,,,,,,,,,,,,,,,,,,,,,
,,,,,,,,,,,,,,,,,,,,,,,
,,,,,,,,,,,,,,,,,,,,,,,
,,,,,,,,,,,,,,,,,,,,,,,
,,,,,,,,,,,,,,,,,,,,,,,
,,,,,,,,,,,,,,,,,,,,,,,
,,,,,,,,,,,,,,,,,,,,,,,
,,,,,,,,,,,,,,,,,,,,,,,
,,,,,,,,,,,,,,,,,,,,,,,
,,,,,,,,,,,,,,,,,,,,,,,
,,,,,,,,,,,,,,,,,,,,,,,
,,,,,,,,,,,,,,,,,,,,,,,
,,,,,,,,,,,,,,,,,,,,,,,
,,,,,,,,,,,,,,,,,,,,,,,
,,,,,,,,,,,,,,,,,,,,,,,
,,,,,,,,,,,,,,,,,,,,,,,
,,,,,,,,,,,,,,,,,,,,,,,
,,,,,,,,,,,,,,,,,,,,,,,
,,,,,,,,,,,,,,,,,,,,,,,
,,,,,,,,,,,,,,,,,,,,,,,
,,,,,,,,,,,,,,,,,,,,,,,
,,,,,,,,,,,,,,,,,,,,,,,
,,,,,,,,,,,,,,,,,,,,,,,
,,,,,,,,,,,,,,,,,,,,,,,
,,,,,,,,,,,,,,,,,,,,,,,
,,,,,,,,,,,,,,,,,,,,,,,
,,,,,,,,,,,,,,,,,,,,,,,
,,,,,,,,,,,,,,,,,,,,,,,
,,,,,,,,,,,,,,,,,,,,,,,
,,,,,,,,,,,,,,,,,,,,,,,
,,,,,,,,,,,,,,,,,,,,,,,
,,,,,,,,,,,,,,,,,,,,,,,
,,,,,,,,,,,,,,,,,,,,,,,
,,,,,,,,,,,,,,,,,,,,,,,
,,,,,,,,,,,,,,,,,,,,,,,
,,,,,,,,,,,,,,,,,,,,,,,
,,,,,,,,,,,,,,,,,,,,,,,
,,,,,,,,,,,,,,,,,,,,,,,
,,,,,,,,,,,,,,,,,,,,,,,
,,,,,,,,,,,,,,,,,,,,,,,
,,,,,,,,,,,,,,,,,,,,,,,
,,,,,,,,,,,,,,,,,,,,,,,
,,,,,,,,,,,,,,,,,,,,,,,
,,,,,,,,,,,,,,,,,,,,,,,
,,,,,,,,,,,,,,,,,,,,,,,
,,,,,,,,,,,,,,,,,,,,,,,
,,,,,,,,,,,,,,,,,,,,,,,
,,,,,,,,,,,,,,,,,,,,,,,
,,,,,,,,,,,,,,,,,,,,,,,
,,,,,,,,,,,,,,,,,,,,,,,
,,,,,,,,,,,,,,,,,,,,,,,
,,,,,,,,,,,,,,,,,,,,,,,
,,,,,,,,,,,,,,,,,,,,,,,
,,,,,,,,,,,,,,,,,,,,,,,
,,,,,,,,,,,,,,,,,,,,,,,
,,,,,,,,,,,,,,,,,,,,,,,
,,,,,,,,,,,,,,,,,,,,,,,
,,,,,,,,,,,,,,,,,,,,,,,
,,,,,,,,,,,,,,,,,,,,,,,
,,,,,,,,,,,,,,,,,,,,,,,
,,,,,,,,,,,,,,,,,,,,,,,
,,,,,,,,,,,,,,,,,,,,,,,
,,,,,,,,,,,,,,,,,,,,,,,
,,,,,,,,,,,,,,,,,,,,,,,
,,,,,,,,,,,,,,,,,,,,,,,
,,,,,,,,,,,,,,,,,,,,,,,
,,,,,,,,,,,,,,,,,,,,,,,
,,,,,,,,,,,,,,,,,,,,,,,
,,,,,,,,,,,,,,,,,,,,,,,
,,,,,,,,,,,,,,,,,,,,,,,
,,,,,,,,,,,,,,,,,,,,,,,
,,,,,,,,,,,,,,,,,,,,,,,
,,,,,,,,,,,,,,,,,,,,,,,
,,,,,,,,,,,,,,,,,,,,,,,
,,,,,,,,,,,,,,,,,,,,,,,
,,,,,,,,,,,,,,,,,,,,,,,
,,,,,,,,,,,,,,,,,,,,,,,
,,,,,,,,,,,,,,,,,,,,,,,
,,,,,,,,,,,,,,,,,,,,,,,
,,,,,,,,,,,,,,,,,,,,,,,
,,,,,,,,,,,,,,,,,,,,,,,
,,,,,,,,,,,,,,,,,,,,,,,
,,,,,,,,,,,,,,,,,,,,,,,
,,,,,,,,,,,,,,,,,,,,,,,
,,,,,,,,,,,,,,,,,,,,,,,
,,,,,,,,,,,,,,,,,,,,,,,
,,,,,,,,,,,,,,,,,,,,,,,
,,,,,,,,,,,,,,,,,,,,,,,
,,,,,,,,,,,,,,,,,,,,,,,
,,,,,,,,,,,,,,,,,,,,,,,
,,,,,,,,,,,,,,,,,,,,,,,
,,,,,,,,,,,,,,,,,,,,,,,
,,,,,,,,,,,,,,,,,,,,,,,
,,,,,,,,,,,,,,,,,,,,,,,
,,,,,,,,,,,,,,,,,,,,,,,
,,,,,,,,,,,,,,,,,,,,,,,
,,,,,,,,,,,,,,,,,,,,,,,
,,,,,,,,,,,,,,,,,,,,,,,
,,,,,,,,,,,,,,,,,,,,,,,
,,,,,,,,,,,,,,,,,,,,,,,
,,,,,,,,,,,,,,,,,,,,,,,
,,,,,,,,,,,,,,,,,,,,,,,
,,,,,,,,,,,,,,,,,,,,,,,
,,,,,,,,,,,,,,,,,,,,,,,
,,,,,,,,,,,,,,,,,,,,,,,
,,,,,,,,,,,,,,,,,,,,,,,
,,,,,,,,,,,,,,,,,,,,,,,
,,,,,,,,,,,,,,,,,,,,,,,
,,,,,,,,,,,,,,,,,,,,,,,
,,,,,,,,,,,,,,,,,,,,,,,
,,,,,,,,,,,,,,,,,,,,,,,
,,,,,,,,,,,,,,,,,,,,,,,
,,,,,,,,,,,,,,,,,,,,,,,
,,,,,,,,,,,,,,,,,,,,,,,
,,,,,,,,,,,,,,,,,,,,,,,
,,,,,,,,,,,,,,,,,,,,,,,
,,,,,,,,,,,,,,,,,,,,,,,
,,,,,,,,,,,,,,,,,,,,,,,
,,,,,,,,,,,,,,,,,,,,,,,
,,,,,,,,,,,,,,,,,,,,,,,
,,,,,,,,,,,,,,,,,,,,,,,
,,,,,,,,,,,,,,,,,,,,,,,
,,,,,,,,,,,,,,,,,,,,,,,
,,,,,,,,,,,,,,,,,,,,,,,
,,,,,,,,,,,,,,,,,,,,,,,
,,,,,,,,,,,,,,,,,,,,,,,
,,,,,,,,,,,,,,,,,,,,,,,
,,,,,,,,,,,,,,,,,,,,,,,
,,,,,,,,,,,,,,,,,,,,,,,
,,,,,,,,,,,,,,,,,,,,,,,
,,,,,,,,,,,,,,,,,,,,,,,
,,,,,,,,,,,,,,,,,,,,,,,
,,,,,,,,,,,,,,,,,,,,,,,
,,,,,,,,,,,,,,,,,,,,,,,
,,,,,,,,,,,,,,,,,,,,,,,
,,,,,,,,,,,,,,,,,,,,,,,
,,,,,,,,,,,,,,,,,,,,,,,
,,,,,,,,,,,,,,,,,,,,,,,
,,,,,,,,,,,,,,,,,,,,,,,
,,,,,,,,,,,,,,,,,,,,,,,
,,,,,,,,,,,,,,,,,,,,,,,
,,,,,,,,,,,,,,,,,,,,,,,
,,,,,,,,,,,,,,,,,,,,,,,
,,,,,,,,,,,,,,,,,,,,,,,
,,,,,,,,,,,,,,,,,,,,,,,
,,,,,,,,,,,,,,,,,,,,,,,
,,,,,,,,,,,,,,,,,,,,,,,
,,,,,,,,,,,,,,,,,,,,,,,
,,,,,,,,,,,,,,,,,,,,,,,
,,,,,,,,,,,,,,,,,,,,,,,
,,,,,,,,,,,,,,,,,,,,,,,
,,,,,,,,,,,,,,,,,,,,,,,
,,,,,,,,,,,,,,,,,,,,,,,
,,,,,,,,,,,,,,,,,,,,,,,
,,,,,,,,,,,,,,,,,,,,,,,
,,,,,,,,,,,,,,,,,,,,,,,
,,,,,,,,,,,,,,,,,,,,,,,
,,,,,,,,,,,,,,,,,,,,,,,
,,,,,,,,,,,,,,,,,,,,,,,
