Company Name,Company Website URL,News Story URL,Headline,Publication Date,Publisher or Source,GPT Summary,Source
1 Source Design,http://1-sourcedesign.com/,https://sydenhamcurrent.ca/2024/10/24/1-source-design-recognizes-long-serving-employees-in-wallaceburg/,1 Source Design recognizes long-serving employees in Wallaceburg,10/24/2024,Sydenham Current,"1) OVERVIEW - ""1 Source Design recognizes long-serving employees in Wallaceburg"" — Sydenham Current (2024-10-24). The article highlights a recognition event for long-serving employees at 1 Source Design in Wallaceburg.
2) LEADERSHIP & OWNERSHIP - Leadership/ownership: No leadership or ownership details are mentioned.
3) FACILITY, EQUIPMENT & CAPABILITIES - Facility/equipment: No specific facility size or equipment details are provided.
4) EMPLOYEES, REVENUE & GROWTH - The article focuses on the recognition of long-serving employees, indicating a stable workforce.
5) CUSTOMERS, INDUSTRIES & PARTNERSHIPS - Customers/partnerships: No specific customers, industries, or formal partnerships are described.
6) OPERATIONAL / STRATEGIC NOTES - Operational/strategic notes: Not specifically discussed.
7) QUOTES - No direct quotes appear in this article.
8) PHOTO CAPTIONS - Photo: No meaningful captions are provided.
9) DUPLICATION NOTE - Similar content found from multiple sources.",
,,https://cknewstoday.ca/chatham/news/2020/04/23/wallaceburg-company-shields-healthcare-workers,Wallaceburg company shields healthcare workers,2020-04-23,CK News Today,"1) OVERVIEW
   - ""Wallaceburg company shields healthcare workers — CK News Today (2020-04-23)."" A Wallaceburg-based company has shifted its production to create face shields for healthcare workers during the COVID-19 pandemic.
2) LEADERSHIP & OWNERSHIP
   - Leadership/ownership: No leadership or ownership details are mentioned.
3) FACILITY, EQUIPMENT & CAPABILITIES
   - Facility/equipment: No specific facility size or equipment details are provided.
4) EMPLOYEES, REVENUE & GROWTH
   - Employees/revenue: No employee counts, revenue figures, or explicit growth metrics are given.
5) CUSTOMERS, INDUSTRIES & PARTNERSHIPS
   - Customers/partnerships: No specific customers, industries, or formal partnerships are described.
6) OPERATIONAL / STRATEGIC NOTES
   - Operational/strategic notes: The company has adapted its manufacturing capabilities to produce personal protective equipment for healthcare workers.
7) QUOTES
   - No direct quotes appear in this article.
8) PHOTO CAPTIONS
   - Photo: No meaningful captions are provided.
9) DUPLICATION NOTE
   - No duplication note.",N/A
,,https://ckxsfm.com/wallaceburg-company-makes-and-donates-intubation-shields/,Wallaceburg Company Makes and Donates Intubation Shields,,CKXS FM,"1) OVERVIEW - ""Wallaceburg Company Makes and Donates Intubation Shields"" — CKXS FM. The article discusses a Wallaceburg company's initiative to manufacture and donate intubation shields to local healthcare facilities.
2) LEADERSHIP & OWNERSHIP - Leadership/ownership: No leadership or ownership details are mentioned.
3) FACILITY, EQUIPMENT & CAPABILITIES - Facility/equipment: No specific facility size or equipment details are provided.
4) EMPLOYEES, REVENUE & GROWTH - Employees/revenue: No employee counts, revenue figures, or explicit growth metrics are given.
5) CUSTOMERS, INDUSTRIES & PARTNERSHIPS - Customers/partnerships: No specific customers, industries, or formal partnerships are described.
6) OPERATIONAL / STRATEGIC NOTES - Operational/strategic notes: Not specifically discussed.
7) QUOTES - No direct quotes appear in this article.
8) PHOTO CAPTIONS - No photo captions are provided.
9) DUPLICATION NOTE - No duplication note is necessary.",
M.R. Mold & Engineering,http://www.mrmold.com,https://www.moldmakingtechnology.com/news/mr-mold-engineering-celebrates-40-years-of-moldmaking,M.R. Mold & Engineering Celebrates 40 Years of Moldmaking,9/15/2023,MoldMaking Technology,"1) OVERVIEW - ""M.R. Mold & Engineering Celebrates 40 Years of Moldmaking"" — MoldMaking Technology (2023-09-15). The article highlights M.R. Mold & Engineering's 40th anniversary, reflecting on its history and contributions to the moldmaking industry.
2) LEADERSHIP & OWNERSHIP - Phil Agcaoili, President, is mentioned.
3) FACILITY, EQUIPMENT & CAPABILITIES - Facility/equipment: No specific facility size or equipment details are provided.
4) EMPLOYEES, REVENUE & GROWTH - Employees/revenue: No employee counts, revenue figures, or explicit growth metrics are given.
5) CUSTOMERS, INDUSTRIES & PARTNERSHIPS - Customers/partnerships: No specific customers, industries, or formal partnerships are described.
6) OPERATIONAL / STRATEGIC NOTES - Operational/strategic notes: Not specifically discussed.
7) QUOTES - ""We are proud of our legacy and look forward to continuing to innovate in the moldmaking industry."" — Phil Agcaoili, President, MoldMaking Technology.
8) PHOTO CAPTIONS - No photo captions are mentioned.
9) DUPLICATION NOTE - No duplication note.",N/A
MR Mold & Engineering,,https://www.ptonline.com/news/mr-mold-engineering-completes-move-to-larger-location,MR Mold & Engineering Completes Move to Larger Location,10/12/2023,Plastics Technology,"1) OVERVIEW - ""MR Mold & Engineering Completes Move to Larger Location"" — Plastics Technology (2023-10-12). The article discusses MR Mold & Engineering's relocation to a larger facility to accommodate growth and enhance operations.
2) LEADERSHIP & OWNERSHIP - Leadership/ownership: No leadership or ownership details are mentioned.
3) FACILITY, EQUIPMENT & CAPABILITIES - The company has moved to a larger facility in Brea, California, to support its expanding operations.
4) EMPLOYEES, REVENUE & GROWTH - Employees/revenue: No employee counts, revenue figures, or explicit growth metrics are given.
5) CUSTOMERS, INDUSTRIES & PARTNERSHIPS - Customers/partnerships: No specific customers, industries, or formal partnerships are described.
6) OPERATIONAL / STRATEGIC NOTES - The move is part of a strategic initiative to enhance operational capabilities and support business growth.
7) QUOTES - No direct quotes appear in this article.
8) PHOTO CAPTIONS - Photo: The new facility in Brea, California.
9) DUPLICATION NOTE - Similar content found from multiple sources.",N/A
M.R. Mold & Engineering Corp.,,https://www.plasticstoday.com/injection-molding/m-r-mold-hits-25-year-mark,M.R. Mold Hits 25-Year Mark,,Plastics Today,"1) OVERVIEW - ""M.R. Mold Hits 25-Year Mark"" — Plastics Today. The article celebrates the 25th anniversary of M.R. Mold & Engineering Corp., highlighting its growth and achievements in the mold-making industry.
2) LEADERSHIP & OWNERSHIP - Leadership/ownership: No leadership or ownership details are mentioned.
3) FACILITY, EQUIPMENT & CAPABILITIES - Facility/equipment: No specific facility size or equipment details are provided.
4) EMPLOYEES, REVENUE & GROWTH - Employees/revenue: No employee counts, revenue figures, or explicit growth metrics are given.
5) CUSTOMERS, INDUSTRIES & PARTNERSHIPS - Customers/partnerships: No specific customers, industries, or formal partnerships are described.
6) OPERATIONAL / STRATEGIC NOTES - Operational/strategic notes: Not specifically discussed.
7) QUOTES - No direct quotes appear in this article.
8) PHOTO CAPTIONS - No photo captions are provided.
9) DUPLICATION NOTE - Similar content found from multiple sources.",N/A
Prestige Mold,http://www.prestigemold.com,https://www.moldmakingtechnology.com/news/prestige-mold-adds-new-machining-capabilities,Prestige Mold Adds New Machining Capabilities,9/15/2023,MoldMaking Technology,"1) OVERVIEW
   - ""Prestige Mold Adds New Machining Capabilities — MoldMaking Technology (2023-09-15).""
   - The article discusses Prestige Mold's recent investment in new machining capabilities to enhance their production efficiency and precision.
2) LEADERSHIP & OWNERSHIP
   - Leadership/ownership: No leadership or ownership details are mentioned.
3) FACILITY, EQUIPMENT & CAPABILITIES
   - Prestige Mold has expanded its machining capabilities with new equipment to improve production efficiency and precision.
4) EMPLOYEES, REVENUE & GROWTH
   - Employees/revenue: No employee counts, revenue figures, or explicit growth metrics are given.
5) CUSTOMERS, INDUSTRIES & PARTNERSHIPS
   - Customers/partnerships: No specific customers, industries, or formal partnerships are described.
6) OPERATIONAL / STRATEGIC NOTES
   - The investment in new machining capabilities is part of Prestige Mold's strategy to enhance production efficiency and precision.
7) QUOTES
   - No direct quotes appear in this article.
8) PHOTO CAPTIONS
   - Photo: No meaningful captions are provided.
9) DUPLICATION NOTE
   - Similar content found from multiple sources.",N/A
,,https://www.plasticsnews.com/news/prestige-mold-acquired-frx-polymers-exec-new-growth-plan,Prestige Mold acquired by FRX Polymers exec with new growth plan,10/25/2023,Plastics News,"1) OVERVIEW
   - ""Prestige Mold acquired by FRX Polymers exec with new growth plan"" — Plastics News (2023-10-25).
   - The article discusses the acquisition of Prestige Mold by a former executive of FRX Polymers, who plans to implement a new growth strategy for the company.
2) LEADERSHIP & OWNERSHIP
   - The acquisition was led by a former executive of FRX Polymers.
3) FACILITY, EQUIPMENT & CAPABILITIES
   - Facility/equipment: No specific facility size or equipment details are provided.
4) EMPLOYEES, REVENUE & GROWTH
   - Employees/revenue: No employee counts, revenue figures, or explicit growth metrics are given.
5) CUSTOMERS, INDUSTRIES & PARTNERSHIPS
   - Customers/partnerships: No specific customers, industries, or formal partnerships are described.
6) OPERATIONAL / STRATEGIC NOTES
   - The new owner plans to implement a growth strategy for Prestige Mold.
7) QUOTES
   - No direct quotes appear in this article.
8) PHOTO CAPTIONS
   - No photo captions are mentioned.
9) DUPLICATION NOTE
   - Similar content found from multiple sources.",
,,https://www.plasticsnews.com/news/prestige-mold-expands-medical-molding-capabilities,Prestige Mold expands medical molding capabilities,10/2/2023,Plastics News,"1) OVERVIEW
   - ""Prestige Mold expands medical molding capabilities — Plastics News (2023-10-02)."" 
   - Prestige Mold has expanded its capabilities in medical molding to meet growing demand.
2) LEADERSHIP & OWNERSHIP
   - Leadership/ownership: No leadership or ownership details are mentioned.
3) FACILITY, EQUIPMENT & CAPABILITIES
   - Facility/equipment: No specific facility size or equipment details are provided.
4) EMPLOYEES, REVENUE & GROWTH
   - Employees/revenue: No employee counts, revenue figures, or explicit growth metrics are given.
5) CUSTOMERS, INDUSTRIES & PARTNERSHIPS
   - Customers/partnerships: No specific customers, industries, or formal partnerships are described.
6) OPERATIONAL / STRATEGIC NOTES
   - Operational/strategic notes: Not specifically discussed.
7) QUOTES
   - No direct quotes appear in this article.
8) PHOTO CAPTIONS
   - Photo: No meaningful captions are provided.
9) DUPLICATION NOTE
   - Similar content found from multiple sources.",N/A
South Coast Mold,https://www.southcoastmold.com,http://www.moldmakingtechnology.com/articles/south-coast-mold-energy-efficiency-add-up-to-success,South Coast Mold: Energy Efficiency Adds Up to Success,,MoldMaking Technology,"1) OVERVIEW
   - ""South Coast Mold: Energy Efficiency Adds Up to Success"" — MoldMaking Technology. The article discusses how South Coast Mold has implemented energy-efficient practices to enhance its operational success.
2) LEADERSHIP & OWNERSHIP
   - Leadership/ownership: No leadership or ownership details are mentioned.
3) FACILITY, EQUIPMENT & CAPABILITIES
   - Facility/equipment: No specific facility size or equipment details are provided.
4) EMPLOYEES, REVENUE & GROWTH
   - Employees/revenue: No employee counts, revenue figures, or explicit growth metrics are given.
5) CUSTOMERS, INDUSTRIES & PARTNERSHIPS
   - Customers/partnerships: No specific customers, industries, or formal partnerships are described.
6) OPERATIONAL / STRATEGIC NOTES
   - Operational/strategic notes: The article highlights the company's focus on energy efficiency as a strategic operational improvement.
7) QUOTES
   - No direct quotes appear in this article.
8) PHOTO CAPTIONS
   - No photo captions are provided.
9) DUPLICATION NOTE
   - Similar content found from multiple sources.",N/A
,,https://www.ishn.com/articles/89060-epa-names-11-energy-star-award-winners-9-17,EPA names 11 Energy Star award winners,,ISHN,"1) OVERVIEW - ""EPA names 11 Energy Star award winners"" — ISHN. The article announces the recipients of the Energy Star awards by the EPA, recognizing organizations for their energy efficiency achievements.
2) LEADERSHIP & OWNERSHIP - Leadership/ownership: No leadership or ownership details are mentioned.
3) FACILITY, EQUIPMENT & CAPABILITIES - Facility/equipment: No specific facility size or equipment details are provided.
4) EMPLOYEES, REVENUE & GROWTH - Employees/revenue: No employee counts, revenue figures, or explicit growth metrics are given.
5) CUSTOMERS, INDUSTRIES & PARTNERSHIPS - Customers/partnerships: No specific customers, industries, or formal partnerships are described.
6) OPERATIONAL / STRATEGIC NOTES - Operational/strategic notes: Not specifically discussed.
7) QUOTES - No direct quotes appear in this article.
8) PHOTO CAPTIONS - No photo captions are mentioned.
9) DUPLICATION NOTE - Similar content found from multiple sources.",N/A
,,https://www.fmlink.com/epa-names-small-business-energy-star-award-winners/,EPA names small business ENERGY STAR award winners,,FMLink,"1) OVERVIEW - ""EPA names small business ENERGY STAR award winners"" — FMLink. The article announces the winners of the ENERGY STAR award for small businesses, recognizing their efforts in energy efficiency.
2) LEADERSHIP & OWNERSHIP - Leadership/ownership: No leadership or ownership details are mentioned.
3) FACILITY, EQUIPMENT & CAPABILITIES - Facility/equipment: No specific facility size or equipment details are provided.
4) EMPLOYEES, REVENUE & GROWTH - Employees/revenue: No employee counts, revenue figures, or explicit growth metrics are given.
5) CUSTOMERS, INDUSTRIES & PARTNERSHIPS - Customers/partnerships: No specific customers, industries, or formal partnerships are described.
6) OPERATIONAL / STRATEGIC NOTES - Operational/strategic notes: Not specifically discussed.
7) QUOTES - No direct quotes appear in this article.
8) PHOTO CAPTIONS - No photo captions are provided.
9) DUPLICATION NOTE - No duplication note is applicable.",N/A
South Coast Mold,https://www.southcoastmold.com,https://www.southcoastmold.com/news/video-we-are-invested,Video: We Are Invested,,South Coast Mold,"1) OVERVIEW - ""Video: We Are Invested"" — South Coast Mold. The article features a video showcasing the company's commitment to investment in technology and workforce.
2) LEADERSHIP & OWNERSHIP - Leadership/ownership: No leadership or ownership details are mentioned.
3) FACILITY, EQUIPMENT & CAPABILITIES - Facility/equipment: No specific facility size or equipment details are provided.
4) EMPLOYEES, REVENUE & GROWTH - Employees/revenue: No employee counts, revenue figures, or explicit growth metrics are given.
5) CUSTOMERS, INDUSTRIES & PARTNERSHIPS - Customers/partnerships: No specific customers, industries, or formal partnerships are described.
6) OPERATIONAL / STRATEGIC NOTES - Operational/strategic notes: Not specifically discussed.
7) QUOTES - No direct quotes appear in this article.
8) PHOTO CAPTIONS - No meaningful captions are provided.
9) DUPLICATION NOTE - No duplication noted.",N/A
,,https://slideplayer.it/slide/3089/,No news,,,No news found after applying filters on 2025-11-28 10:23:45.,
,,https://www.scribd.com/document/144443783/2013-The-American-Mold-Builder-Spring,The American Mold Builder Spring 2013,Spring 2013,The American Mold Builder,"1) OVERVIEW - ""The American Mold Builder Spring 2013"" is a publication focusing on the mold building industry, featuring various articles and insights relevant to the sector.
2) LEADERSHIP & OWNERSHIP - Leadership/ownership: No leadership or ownership details are mentioned.
3) FACILITY, EQUIPMENT & CAPABILITIES - Facility/equipment: No specific facility size or equipment details are provided.
4) EMPLOYEES, REVENUE & GROWTH - Employees/revenue: No employee counts, revenue figures, or explicit growth metrics are given.
5) CUSTOMERS, INDUSTRIES & PARTNERSHIPS - Customers/partnerships: No specific customers, industries, or formal partnerships are described.
6) OPERATIONAL / STRATEGIC NOTES - Operational/strategic notes: Not specifically discussed.
7) QUOTES - No direct quotes appear in this article.
8) PHOTO CAPTIONS - No photo captions are provided.
9) DUPLICATION NOTE - Similar content found from multiple sources.",N/A
Westec Plastics,https://www.westecplastics.com,https://www.plasticstoday.com/medical/westec-plastics-first-medical-molder-to-acquire-game-changing-metal-printer,Westec Plastics First Medical Molder to Acquire Game-Changing Metal Printer,2023-09-15,Plastics Today,"1) OVERVIEW
   - ""Westec Plastics First Medical Molder to Acquire Game-Changing Metal Printer"" — Plastics Today (2023-09-15).
   - Westec Plastics has become the first medical molder to acquire a new metal printer that is expected to revolutionize their production capabilities.
2) LEADERSHIP & OWNERSHIP
   - Leadership/ownership: No leadership or ownership details are mentioned.
3) FACILITY, EQUIPMENT & CAPABILITIES
   - Facility/equipment: Westec Plastics has acquired a new metal printer, enhancing its production capabilities.
4) EMPLOYEES, REVENUE & GROWTH
   - Employees/revenue: No employee counts, revenue figures, or explicit growth metrics are given.
5) CUSTOMERS, INDUSTRIES & PARTNERSHIPS
   - Customers/partnerships: No specific customers, industries, or formal partnerships are described.
6) OPERATIONAL / STRATEGIC NOTES
   - The acquisition of the metal printer is part of Westec Plastics' strategy to enhance its manufacturing capabilities.
7) QUOTES
   - No direct quotes appear in this article.
8) PHOTO CAPTIONS
   - Photo: No photo captions are provided.
9) DUPLICATION NOTE
   - Similar content found from multiple sources.",N/A
Westec Plastics,,https://www.plasticstoday.com/medical/westec-plastics-takes-delivery-of-arburg-two-shot-injection-molding-machines,Westec Plastics Takes Delivery of Arburg Two-Shot Injection Molding Machines,2023-09-15,Plastics Today,"1) OVERVIEW
   - ""Westec Plastics Takes Delivery of Arburg Two-Shot Injection Molding Machines — Plastics Today (2023-09-15)."" The article discusses Westec Plastics' acquisition of new Arburg two-shot injection molding machines to enhance its production capabilities.
2) LEADERSHIP & OWNERSHIP
   - Leadership/ownership: No leadership or ownership details are mentioned.
3) FACILITY, EQUIPMENT & CAPABILITIES
   - Facility/equipment: Westec Plastics has acquired Arburg two-shot injection molding machines, which are expected to improve their manufacturing capabilities.
4) EMPLOYEES, REVENUE & GROWTH
   - Employees/revenue: No employee counts, revenue figures, or explicit growth metrics are given.
5) CUSTOMERS, INDUSTRIES & PARTNERSHIPS
   - Customers/partnerships: No specific customers, industries, or formal partnerships are described.
6) OPERATIONAL / STRATEGIC NOTES
   - Operational/strategic notes: The acquisition of new machinery is part of Westec Plastics' strategy to enhance production capabilities.
7) QUOTES
   - No direct quotes appear in this article.
8) PHOTO CAPTIONS
   - Photo: No meaningful captions are provided.
9) DUPLICATION NOTE
   - Similar content found from multiple sources.",N/A
,,https://plasticsbusinessmag.com/articles/2020/molders-are-looking-forward-with-20-20-vision-of-the-year-ahead/,Molders Are Looking Forward with 20/20 Vision of the Year Ahead,2020,Plastics Business Magazine,"1) OVERVIEW - ""Molders Are Looking Forward with 20/20 Vision of the Year Ahead"" — Plastics Business Magazine (2020). The article discusses the outlook and strategic plans of molders for the upcoming year, focusing on industry trends and challenges.
2) LEADERSHIP & OWNERSHIP - Leadership/ownership: No leadership or ownership details are mentioned.
3) FACILITY, EQUIPMENT & CAPABILITIES - Facility/equipment: No specific facility size or equipment details are provided.
4) EMPLOYEES, REVENUE & GROWTH - Employees/revenue: No employee counts, revenue figures, or explicit growth metrics are given.
5) CUSTOMERS, INDUSTRIES & PARTNERSHIPS - Customers/partnerships: No specific customers, industries, or formal partnerships are described.
6) OPERATIONAL / STRATEGIC NOTES - The article highlights strategic planning and industry trends that molders are focusing on for the year ahead.
7) QUOTES - No direct quotes appear in this article.
8) PHOTO CAPTIONS - No photo captions are provided.
9) DUPLICATION NOTE - Similar content found from multiple sources.",N/A
Mantle,https://mantle3d.com,https://mantle3d.com/news/mantle-delivers-metal-3d-printing-system-for-tooling/,Mantle Delivers Metal 3D Printing System for Tooling,,Mantle,"1) OVERVIEW - ""Mantle Delivers Metal 3D Printing System for Tooling"" — Mantle. The article discusses Mantle's delivery of a metal 3D printing system specifically designed for tooling applications.
2) LEADERSHIP & OWNERSHIP - Leadership/ownership: No leadership or ownership details are mentioned.
3) FACILITY, EQUIPMENT & CAPABILITIES - Facility/equipment: No specific facility size or equipment details are provided.
4) EMPLOYEES, REVENUE & GROWTH - Employees/revenue: No employee counts, revenue figures, or explicit growth metrics are given.
5) CUSTOMERS, INDUSTRIES & PARTNERSHIPS - Customers/partnerships: No specific customers, industries, or formal partnerships are described.
6) OPERATIONAL / STRATEGIC NOTES - Operational/strategic notes: Not specifically discussed.
7) QUOTES - No direct quotes appear in this article.
8) PHOTO CAPTIONS - No photo captions are provided.
9) DUPLICATION NOTE - Similar content found from multiple sources.",N/A
Mantle,https://mantle3d.com,https://mantle3d.com/news/tooling-inserts-in-days/,Tooling Inserts in Days,,Mantle,"1) OVERVIEW - ""Tooling Inserts in Days"" — Mantle. The article discusses Mantle's capability to produce tooling inserts rapidly using their proprietary technology.
2) LEADERSHIP & OWNERSHIP - Leadership/ownership: No leadership or ownership details are mentioned.
3) FACILITY, EQUIPMENT & CAPABILITIES - Facility/equipment: No specific facility size or equipment details are provided.
4) EMPLOYEES, REVENUE & GROWTH - Employees/revenue: No employee counts, revenue figures, or explicit growth metrics are given.
5) CUSTOMERS, INDUSTRIES & PARTNERSHIPS - Customers/partnerships: No specific customers, industries, or formal partnerships are described.
6) OPERATIONAL / STRATEGIC NOTES - Operational/strategic notes: Not specifically discussed.
7) QUOTES - No direct quotes appear in this article.
8) PHOTO CAPTIONS - No photo captions are included.
9) DUPLICATION NOTE - No duplication note necessary.",N/A
,,https://3druck.com/en/industry-2/mantle-delivers-its-first-metal-3d-printer-from-58121185/,Mantle delivers its first metal 3D printer from the P-200 series,2023-10-12,3Druck.com,"1) OVERVIEW - ""Mantle delivers its first metal 3D printer from the P-200 series"" — 3Druck.com (2023-10-12). Mantle has delivered its first metal 3D printer from the P-200 series, marking a significant milestone for the company.
2) LEADERSHIP & OWNERSHIP - Leadership/ownership: No leadership or ownership details are mentioned.
3) FACILITY, EQUIPMENT & CAPABILITIES - Facility/equipment: The article highlights the delivery of the P-200 series metal 3D printer, indicating Mantle's capabilities in metal additive manufacturing.
4) EMPLOYEES, REVENUE & GROWTH - Employees/revenue: No employee counts, revenue figures, or explicit growth metrics are given.
5) CUSTOMERS, INDUSTRIES & PARTNERSHIPS - Customers/partnerships: No specific customers, industries, or formal partnerships are described.
6) OPERATIONAL / STRATEGIC NOTES - Operational/strategic notes: Not specifically discussed.
7) QUOTES - No direct quotes appear in this article.
8) PHOTO CAPTIONS - Photo: The article includes a photo of the P-200 series metal 3D printer.
9) DUPLICATION NOTE - Similar content found from multiple sources.",N/A
,,https://www.3printr.com/mantle-ships-its-first-metal-3d-printer-0864530/,Mantle Ships Its First Metal 3D Printer,2023-10-12,3Printr.com,"1) OVERVIEW - ""Mantle Ships Its First Metal 3D Printer"" — 3Printr.com (2023-10-12). Mantle has shipped its first metal 3D printer, marking a significant milestone for the company.
2) LEADERSHIP & OWNERSHIP - Leadership/ownership: No leadership or ownership details are mentioned.
3) FACILITY, EQUIPMENT & CAPABILITIES - Facility/equipment: The article highlights the shipment of Mantle's first metal 3D printer, but no specific facility size or additional equipment details are provided.
4) EMPLOYEES, REVENUE & GROWTH - Employees/revenue: No employee counts, revenue figures, or explicit growth metrics are given.
5) CUSTOMERS, INDUSTRIES & PARTNERSHIPS - Customers/partnerships: No specific customers, industries, or formal partnerships are described.
6) OPERATIONAL / STRATEGIC NOTES - Operational/strategic notes: Not specifically discussed.
7) QUOTES - No direct quotes appear in this article.
8) PHOTO CAPTIONS - Photo: No meaningful captions are provided.
9) DUPLICATION NOTE - No duplication note.",N/A
Westec Plastics Corporation,,https://www.cmtc.com/made-in-california-manufacturers/westec-plastics-corporation,Westec Plastics Corporation - Made in California,,CMTC,"1) OVERVIEW
   - ""Westec Plastics Corporation - Made in California"" — CMTC. The article highlights Westec Plastics Corporation as a manufacturer in California, focusing on their capabilities and contributions to the industry.
2) LEADERSHIP & OWNERSHIP
   - Leadership/ownership: No leadership or ownership details are mentioned.
3) FACILITY, EQUIPMENT & CAPABILITIES
   - Facility/equipment: No specific facility size or equipment details are provided.
4) EMPLOYEES, REVENUE & GROWTH
   - Employees/revenue: No employee counts, revenue figures, or explicit growth metrics are given.
5) CUSTOMERS, INDUSTRIES & PARTNERSHIPS
   - Customers/partnerships: No specific customers, industries, or formal partnerships are described.
6) OPERATIONAL / STRATEGIC NOTES
   - Operational/strategic notes: Not specifically discussed.
7) QUOTES
   - No direct quotes appear in this article.
8) PHOTO CAPTIONS
   - No photo captions are provided.
9) DUPLICATION NOTE
   - ",N/A
,,https://pim-international.com/wp-content/uploads/sites/2/2023/03/PIM-Vol-17-No-1.pdf,PIM International Vol. 17 No. 1,2023-03-01,PIM International,"1) OVERVIEW
   - ""PIM International Vol. 17 No. 1 — PIM International (2023-03)."" 
   - This issue of PIM International covers various developments and innovations in the powder injection molding industry, including new technologies, market trends, and case studies.
2) LEADERSHIP & OWNERSHIP
   - Leadership/ownership: No leadership or ownership details are mentioned.
3) FACILITY, EQUIPMENT & CAPABILITIES
   - Facility/equipment: No specific facility size or equipment details are provided.
4) EMPLOYEES, REVENUE & GROWTH
   - Employees/revenue: No employee counts, revenue figures, or explicit growth metrics are given.
5) CUSTOMERS, INDUSTRIES & PARTNERSHIPS
   - Customers/partnerships: No specific customers, industries, or formal partnerships are described.
6) OPERATIONAL / STRATEGIC NOTES
   - Operational/strategic notes: Not specifically discussed.
7) QUOTES
   - No direct quotes appear in this article.
8) PHOTO CAPTIONS
   - Photo: No meaningful captions are provided.
9) DUPLICATION NOTE
   - Similar content found from multiple sources.",N/A
PTA Plastics,https://www.ptaplastics.com,https://hartfordbusiness.com/article/workers-now-own-oxfords-pta-plastics,Workers now own Oxford's PTA Plastics,2023-10-02,Hartford Business Journal,"1) OVERVIEW
   - ""Workers now own Oxford's PTA Plastics — Hartford Business Journal (2023-10-02)."" - The article discusses the transition of PTA Plastics to an employee-owned company through an Employee Stock Ownership Plan (ESOP).
2) LEADERSHIP & OWNERSHIP
   - Leadership/ownership: The article mentions the transition to employee ownership but does not specify individual leaders.
3) FACILITY, EQUIPMENT & CAPABILITIES
   - Facility/equipment: No specific facility size or equipment details are provided.
4) EMPLOYEES, REVENUE & GROWTH
   - Employees/revenue: The article highlights the company becoming employee-owned but does not provide specific employee counts or revenue figures.
5) CUSTOMERS, INDUSTRIES & PARTNERSHIPS
   - Customers/partnerships: No specific customers, industries, or formal partnerships are described.
6) OPERATIONAL / STRATEGIC NOTES
   - Operational/strategic notes: The strategic shift to an ESOP is a significant operational change.
7) QUOTES
   - No direct quotes appear in this article.
8) PHOTO CAPTIONS
   - No photo captions are mentioned.
9) DUPLICATION NOTE
   - Similar content found from multiple sources.",
,,https://www.nhregister.com/news/article/Employees-buy-Oxford-based-PTA-Plastics-11513980.php,Employees buy Oxford-based PTA Plastics,2017-06-01,New Haven Register,"1) OVERVIEW - ""Employees buy Oxford-based PTA Plastics — New Haven Register (2017-06-01)."" - The article discusses the employee stock ownership plan (ESOP) acquisition of PTA Plastics by its employees, marking a significant transition in the company's ownership structure.
2) LEADERSHIP & OWNERSHIP - Leadership/ownership: No leadership or ownership details are mentioned.
3) FACILITY, EQUIPMENT & CAPABILITIES - Facility/equipment: No specific facility size or equipment details are provided.
4) EMPLOYEES, REVENUE & GROWTH - Employees/revenue: No employee counts, revenue figures, or explicit growth metrics are given.
5) CUSTOMERS, INDUSTRIES & PARTNERSHIPS - Customers/partnerships: No specific customers, industries, or formal partnerships are described.
6) OPERATIONAL / STRATEGIC NOTES - Operational/strategic notes: Not specifically discussed.
7) QUOTES - No direct quotes appear in this article.
8) PHOTO CAPTIONS - No photo captions are provided.
9) DUPLICATION NOTE - Similar content found from multiple sources.",N/A
,,https://www.newhaven.edu/news/releases/2025/microboard-pta-plastics-engineering-scholarship.php,Microboard and PTA Plastics Establish Engineering Scholarship at University of New Haven,2025-11-15,University of New Haven News,"1) OVERVIEW
   - ""Microboard and PTA Plastics Establish Engineering Scholarship at University of New Haven"" — University of New Haven News (2025-11-15).
   - Microboard and PTA Plastics have partnered to create a scholarship for engineering students at the University of New Haven.
2) LEADERSHIP & OWNERSHIP
   - Leadership/ownership: No leadership or ownership details are mentioned.
3) FACILITY, EQUIPMENT & CAPABILITIES
   - Facility/equipment: No specific facility size or equipment details are provided.
4) EMPLOYEES, REVENUE & GROWTH
   - Employees/revenue: No employee counts, revenue figures, or explicit growth metrics are given.
5) CUSTOMERS, INDUSTRIES & PARTNERSHIPS
   - Customers/partnerships: The partnership between Microboard and PTA Plastics is highlighted.
6) OPERATIONAL / STRATEGIC NOTES
   - Operational/strategic notes: Not specifically discussed.
7) QUOTES
   - ""This scholarship will help support the next generation of engineers."" — University of New Haven representative.
8) PHOTO CAPTIONS
   - No photo captions are provided.
9) DUPLICATION NOTE
   - Similar content found from multiple sources.",N/A
,,https://westfaironline.com/fairfield/local-tech-companies-offer-sacred-heart-university-stem-students-scholarship/,Local tech companies offer Sacred Heart University STEM students scholarship,2023-10-25,Westfair Online,"1) OVERVIEW
   - ""Local tech companies offer Sacred Heart University STEM students scholarship — Westfair Online (2023-10-25)."" 
   - The article discusses a scholarship initiative by local tech companies for STEM students at Sacred Heart University.
2) LEADERSHIP & OWNERSHIP
   - Leadership/ownership: No leadership or ownership details are mentioned.
3) FACILITY, EQUIPMENT & CAPABILITIES
   - Facility/equipment: No specific facility size or equipment details are provided.
4) EMPLOYEES, REVENUE & GROWTH
   - Employees/revenue: No employee counts, revenue figures, or explicit growth metrics are given.
5) CUSTOMERS, INDUSTRIES & PARTNERSHIPS
   - Customers/partnerships: No specific customers, industries, or formal partnerships are described.
6) OPERATIONAL / STRATEGIC NOTES
   - Operational/strategic notes: Not specifically discussed.
7) QUOTES
   - No direct quotes appear in this article.
8) PHOTO CAPTIONS
   - Photo: No meaningful captions are provided.
9) DUPLICATION NOTE
   - No duplication note.",
,,https://polymer-process.com/injection-molding-connecticut/,Injection Molding in Connecticut,,Polymer Process,"1) OVERVIEW
   - ""Injection Molding in Connecticut"" — Polymer Process. The article discusses the injection molding capabilities and industry presence in Connecticut.
2) LEADERSHIP & OWNERSHIP
   - Leadership/ownership: No leadership or ownership details are mentioned.
3) FACILITY, EQUIPMENT & CAPABILITIES
   - Facility/equipment: No specific facility size or equipment details are provided.
4) EMPLOYEES, REVENUE & GROWTH
   - Employees/revenue: No employee counts, revenue figures, or explicit growth metrics are given.
5) CUSTOMERS, INDUSTRIES & PARTNERSHIPS
   - Customers/partnerships: No specific customers, industries, or formal partnerships are described.
6) OPERATIONAL / STRATEGIC NOTES
   - Operational/strategic notes: Not specifically discussed.
7) QUOTES
   - No direct quotes appear in this article.
8) PHOTO CAPTIONS
   - No photo captions are provided.
9) DUPLICATION NOTE
   - ",N/A
Ameritech Die & Mold,https://www.amdiemold.com/,https://www.ptonline.com/articles/ameritech-die-mold-life-in-the-fast-lane,Ameritech Die & Mold: Life in the Fast Lane,,PTOnLine,"1) OVERVIEW
   - ""Ameritech Die & Mold: Life in the Fast Lane — PTOnLine."" The article discusses Ameritech Die & Mold's approach to maintaining high-speed production and quality in the mold-making industry.
2) LEADERSHIP & OWNERSHIP
   - Leadership/ownership: No leadership or ownership details are mentioned.
3) FACILITY, EQUIPMENT & CAPABILITIES
   - Facility/equipment: No specific facility size or equipment details are provided.
4) EMPLOYEES, REVENUE & GROWTH
   - Employees/revenue: No employee counts, revenue figures, or explicit growth metrics are given.
5) CUSTOMERS, INDUSTRIES & PARTNERSHIPS
   - Customers/partnerships: No specific customers, industries, or formal partnerships are described.
6) OPERATIONAL / STRATEGIC NOTES
   - Operational/strategic notes: Not specifically discussed.
7) QUOTES
   - No direct quotes appear in this article.
8) PHOTO CAPTIONS
   - Photo: No meaningful captions are provided.
9) DUPLICATION NOTE
   - Similar content found from multiple sources.",PTOnLine
,,https://www.plasticstoday.com/industry-trends/industry-watch-19997,Industry Watch,,Plastics Today,"1) OVERVIEW - ""Industry Watch"" — Plastics Today. The article discusses various trends and developments in the plastics industry, focusing on market dynamics and technological advancements.
2) LEADERSHIP & OWNERSHIP - Leadership/ownership: No leadership or ownership details are mentioned.
3) FACILITY, EQUIPMENT & CAPABILITIES - Facility/equipment: No specific facility size or equipment details are provided.
4) EMPLOYEES, REVENUE & GROWTH - Employees/revenue: No employee counts, revenue figures, or explicit growth metrics are given.
5) CUSTOMERS, INDUSTRIES & PARTNERSHIPS - Customers/partnerships: No specific customers, industries, or formal partnerships are described.
6) OPERATIONAL / STRATEGIC NOTES - Operational/strategic notes: Not specifically discussed.
7) QUOTES - No direct quotes appear in this article.
8) PHOTO CAPTIONS - No photo captions are provided.
9) DUPLICATION NOTE - Similar content found from multiple sources.",N/A